strain	accession	segment	date	host	country	subtype	virus
00N3340RFX	KU198468	NA	2000-XX-XX	Fox	Canada	NA	Rabies_lyssavirus
01007CI	KX148235	NA	2001-XX-XX	Dog	Cote_dIvoire	NA	Rabies_lyssavirus
01016VNM	KX148254	NA	2001-XX-XX	Dog	Viet_Nam	NA	Rabies_lyssavirus
019N	MF197745	NA	1998-08-XX	Bat	Poland	NA	Rabies_lyssavirus
01N10254RFX	KU198469	NA	2001-XX-XX	Fox	Canada	NA	Rabies_lyssavirus
02003LAO	KX148258	NA	2002-XX-XX	Dog	Laos	NA	Rabies_lyssavirus
02004LAO	KX148256	NA	2002-XX-XX	Dog	Laos	NA	Rabies_lyssavirus
02005LAO	KX148257	NA	2002-XX-XX	Dog	Laos	NA	Rabies_lyssavirus
02006CBG	KX148249	NA	1998-XX-XX	Dog	Cambodia	NA	Rabies_lyssavirus
02046CHI	KX148264	NA	1994-XX-XX	Dog	China	NA	Rabies_lyssavirus
02050CHI	KX148267	NA	1992-XX-XX	Human	China	NA	Rabies_lyssavirus
02052AFG	KX148225	NA	2002-XX-XX	Dog	Afghanistan	NA	Rabies_lyssavirus
02N2980RFX	KU198470	NA	2002-XX-XX	Fox	Canada	NA	Rabies_lyssavirus
03003INDO	KX148266	NA	2003-XX-XX	Dog	Indonesia	NA	Rabies_lyssavirus
04029AFG	KX148227	NA	2004-XX-XX	Dog	Afghanistan	NA	Rabies_lyssavirus
04030PHI	KX148260	NA	2004-XX-XX	Dog	Philippines	NA	Rabies_lyssavirus
04031FRA	KX148195	NA	2004-XX-XX	Dog	Morocco	NA	Rabies_lyssavirus
04033MAD	KX148209	NA	2004-XX-XX	Dog	Madagascar	NA	Rabies_lyssavirus
04034ARS	KX148176	NA	2004-XX-XX	Fox	Saudi_Arabia	NA	Rabies_lyssavirus
04035AFG	KX148226	NA	2002-XX-XX	Dog	Afghanistan	NA	Rabies_lyssavirus
067N	MF197744	NA	2014-XX-XX	Bat	Poland	NA	Rabies_lyssavirus
07V1483RFX	KU198471	NA	2007-XX-XX	Fox	USA	NA	Rabies_lyssavirus
08342FRA	KX148193	NA	2008-XX-XX	Dog	Morocco	NA	Rabies_lyssavirus
08F40	KC171643	NA	2008-04-01	Cattle	South_Korea	NA	Rabies_lyssavirus
09029NEP	KX148245	NA	2009-XX-XX	Buffalo	Nepal	NA	Rabies_lyssavirus
09035FRA	KX148100	NA	2009-XX-XX	Bat	French_Guiana	NA	Rabies_lyssavirus
1060	JQ685908	NA	2009-XX-XX	Fox	USA	NA	Rabies_lyssavirus
1088	AB645847	NA	XXXX-XX-XX	Rodent	USA	NA	Rabies_lyssavirus
11001NEP	KX148108	NA	2011-XX-XX	Cattle	Nepal	NA	Rabies_lyssavirus
12929	LT909532	NA	XXXX-XX-XX	Unknown	NA	NA	Rabies_lyssavirus
12951	LT909537	NA	XXXX-XX-XX	Unknown	NA	NA	Rabies_lyssavirus
12989	LT909538	NA	XXXX-XX-XX	Unknown	NA	NA	Rabies_lyssavirus
12L1020AFX	KU198472	NA	2012-XX-XX	Fox	Canada	NA	Rabies_lyssavirus
12N0215RFX	KU198473	NA	2012-XX-XX	Fox	Canada	NA	Rabies_lyssavirus
12N0280RFX	KU198474	NA	2012-XX-XX	Fox	Canada	NA	Rabies_lyssavirus
13020	LT909550	NA	XXXX-XX-XX	Unknown	NA	NA	Rabies_lyssavirus
13043	LT909540	NA	XXXX-XX-XX	Unknown	NA	NA	Rabies_lyssavirus
13044	LT909533	NA	XXXX-XX-XX	Unknown	NA	NA	Rabies_lyssavirus
13086	LT909541	NA	XXXX-XX-XX	Unknown	NA	NA	Rabies_lyssavirus
13102	LT909527	NA	XXXX-XX-XX	Unknown	NA	NA	Rabies_lyssavirus
1311200108POL	MF197741	NA	2008-01-XX	Fox	Poland	NA	Rabies_lyssavirus
13122	LT909529	NA	XXXX-XX-XX	Unknown	NA	NA	Rabies_lyssavirus
13123	LT909535	NA	XXXX-XX-XX	Unknown	NA	NA	Rabies_lyssavirus
13125	LT909542	NA	XXXX-XX-XX	Unknown	NA	NA	Rabies_lyssavirus
13135	LT909546	NA	XXXX-XX-XX	Unknown	NA	NA	Rabies_lyssavirus
13138	LT909548	NA	XXXX-XX-XX	Unknown	NA	NA	Rabies_lyssavirus
13162	LT909526	NA	XXXX-XX-XX	Unknown	NA	NA	Rabies_lyssavirus
13177	LT909531	NA	XXXX-XX-XX	Unknown	NA	NA	Rabies_lyssavirus
13182	LT909539	NA	XXXX-XX-XX	Unknown	NA	NA	Rabies_lyssavirus
13212	LT909544	NA	XXXX-XX-XX	Unknown	NA	NA	Rabies_lyssavirus
13232_NT_F	LT598537	NA	XXXX-XX-XX	Unknown	NA	NA	Rabies_lyssavirus
13249	LT909543	NA	XXXX-XX-XX	Unknown	NA	NA	Rabies_lyssavirus
13251	LT909530	NA	XXXX-XX-XX	Unknown	NA	NA	Rabies_lyssavirus
13284	LT909547	NA	XXXX-XX-XX	Unknown	NA	NA	Rabies_lyssavirus
13465	LT909534	NA	XXXX-XX-XX	Unknown	NA	NA	Rabies_lyssavirus
13471	LT909536	NA	XXXX-XX-XX	Unknown	NA	NA	Rabies_lyssavirus
13473	LT909551	NA	XXXX-XX-XX	Unknown	NA	NA	Rabies_lyssavirus
1350KRA	JQ944705	NA	2008-XX-XX	Dog	Russia	NA	Rabies_lyssavirus
1352KRA	JQ944706	NA	2008-XX-XX	Dog	Russia	NA	Rabies_lyssavirus
1359120810POL	MF197743	NA	2010-08-XX	Fox	Poland	NA	Rabies_lyssavirus
13L0040AFX	KU198475	NA	2013-XX-XX	Fox	Canada	NA	Rabies_lyssavirus
13L0094AFX	KU198476	NA	2013-XX-XX	Fox	Canada	NA	Rabies_lyssavirus
13N0473AFX	KU198477	NA	2013-XX-XX	Fox	Canada	NA	Rabies_lyssavirus
13NO643AFX	KU198478	NA	2013-XX-XX	Fox	Canada	NA	Rabies_lyssavirus
14015ITA	KX148207	NA	2014-XX-XX	Human	Kenya	NA	Rabies_lyssavirus
14016BOT	KX148218	NA	2009-XX-XX	Wild_Cat	Botswana	NA	Rabies_lyssavirus
14017BOT	KX148219	NA	2009-XX-XX	Badger	Botswana	NA	Rabies_lyssavirus
14018AFS	KX148223	NA	2000-XX-XX	Cat	South_Africa	NA	Rabies_lyssavirus
1410KOM	JQ944707	NA	2008-XX-XX	Deer	Russia	NA	Rabies_lyssavirus
148/lib01041	LN879481	NA	1998-XX-XX	Fox	Germany	NA	Rabies_lyssavirus
14N0601RFX	KU198479	NA	2014-XX-XX	Fox	Canada	NA	Rabies_lyssavirus
15001AFS	KX148220	NA	2013-XX-XX	Mongoose	South_Africa	NA	Rabies_lyssavirus
15002AFS	KX148222	NA	2014-XX-XX	Mongoose	South_Africa	NA	Rabies_lyssavirus
15003AFS	KX148221	NA	2014-XX-XX	Squirrel	South_Africa	NA	Rabies_lyssavirus
15006FRA	KX148197	NA	2015-XX-XX	Dog	Algeria	NA	Rabies_lyssavirus
1564NNO	JQ944708	NA	2008-XX-XX	Fox	Russia	NA	Rabies_lyssavirus
178J09	JX473838	NA	2009-XX-XX	Jackal	Namibia	NA	Rabies_lyssavirus
184VNO	JQ944704	NA	2009-XX-XX	Raccoon	Russia	NA	Rabies_lyssavirus
192J09	JX473839	NA	2009-XX-XX	Jackal	Namibia	NA	Rabies_lyssavirus
20034	KT336433	NA	1991-XX-XX	Dog	Zimbabwe	NA	Rabies_lyssavirus
20282	LT909545	NA	XXXX-XX-XX	Unknown	NA	NA	Rabies_lyssavirus
2041MxYucgod15	KX708499	NA	2015-XX-XX	Dog	Mexico	NA	Rabies_lyssavirus
20520	LT909528	NA	XXXX-XX-XX	Unknown	NA	NA	Rabies_lyssavirus
2069200108POL	MF197742	NA	2014-08-XX	Fox	Poland	NA	Rabies_lyssavirus
21057	KT336434	NA	1992-XX-XX	Dog	Zimbabwe	NA	Rabies_lyssavirus
21467	KT336435	NA	1993-XX-XX	Dog	Zimbabwe	NA	Rabies_lyssavirus
2187MxYucdog13	KX708501	NA	2013-XX-XX	Dog	Mexico	NA	Rabies_lyssavirus
2395	JQ685972	NA	2009-XX-XX	Fox	USA	NA	Rabies_lyssavirus
2396	JQ685937	NA	2009-XX-XX	Raccoon	USA	NA	Rabies_lyssavirus
2398	JQ685892	NA	2009-XX-XX	Fox	USA	NA	Rabies_lyssavirus
2399	JQ685939	NA	2009-XX-XX	Fox	USA	NA	Rabies_lyssavirus
239K09	JX473840	NA	2009-XX-XX	Antelope	Namibia	NA	Rabies_lyssavirus
2400	JQ685912	NA	2009-XX-XX	Fox	USA	NA	Rabies_lyssavirus
2401	JQ685934	NA	2009-XX-XX	Fox	USA	NA	Rabies_lyssavirus
2402	JQ685896	NA	2009-XX-XX	Fox	USA	NA	Rabies_lyssavirus
2403	JQ685928	NA	2009-XX-XX	Fox	USA	NA	Rabies_lyssavirus
240K09	JX473841	NA	2009-XX-XX	Antelope	Namibia	NA	Rabies_lyssavirus
2526	JQ685976	NA	2009-XX-XX	Fox	USA	NA	Rabies_lyssavirus
2835MxChisdog14	KX708503	NA	2014-XX-XX	Dog	Mexico	NA	Rabies_lyssavirus
3106MxYucdog14	KX708500	NA	2014-XX-XX	Dog	Mexico	NA	Rabies_lyssavirus
33512	KT336436	NA	2012-XX-XX	Dog	South_Africa	NA	Rabies_lyssavirus
34312	KT336437	NA	2012-XX-XX	Dog	South_Africa	NA	Rabies_lyssavirus
34873	LT909549	NA	XXXX-XX-XX	Unknown	NA	NA	Rabies_lyssavirus
35009	LT839616	NA	XXXX-XX-XX	Unknown	NA	NA	Rabies_lyssavirus
3634DR	JQ685936	NA	2009-XX-XX	Cattle	Mexico	NA	Rabies_lyssavirus
3645DR	JQ685953	NA	2009-XX-XX	Human	Mexico	NA	Rabies_lyssavirus
4aGV	JN234411	NA	1931-XX-XX	Dog	China	1	Rabies_lyssavirus
5559MxChisdog12	KX708502	NA	2012-XX-XX	Dog	Mexico	NA	Rabies_lyssavirus
55612	KT336432	NA	2012-XX-XX	Dog	South_Africa	NA	Rabies_lyssavirus
5989/lib205/12	LN879480	NA	2002-XX-XX	Dog	Azerbaijan	NA	Rabies_lyssavirus
86001BRE	KX148216	NA	1986-XX-XX	Dog	Brazil	NA	Rabies_lyssavirus
86003BRE	KX148201	NA	1986-XX-XX	Dog	Nigeria	NA	Rabies_lyssavirus
86031MOZ	KX148203	NA	1986-XX-XX	Dog	Mozambique	NA	Rabies_lyssavirus
86036HAV	KX148234	NA	1986-XX-XX	Dog	Burkina_Faso	NA	Rabies_lyssavirus
86046MAD	KX148211	NA	1986-XX-XX	Dog	Madagascar	NA	Rabies_lyssavirus
86054YOU	KX148145	NA	1986-XX-XX	Wolf	Bosnia_and_Herzegovina	NA	Rabies_lyssavirus
86058YOU	KX148104	NA	1978-XX-XX	Cattle	Montenegro	NA	Rabies_lyssavirus
86081IRA	KX148189	NA	1985-XX-XX	Dog	Iran	NA	Rabies_lyssavirus
86082IRA	KX148159	NA	1974-XX-XX	Sheep	Iran	NA	Rabies_lyssavirus
86083GRO	KX148105	NA	1980-XX-XX	Dog	Greenland	NA	Rabies_lyssavirus
86092EGY	KX148101	NA	1979-XX-XX	Human	Egypt	NA	Rabies_lyssavirus
86097BEN	KX148107	NA	1986-XX-XX	Cat	Benin	NA	Rabies_lyssavirus
86109YOU	KX148140	NA	1986-XX-XX	Fox	Serbia	NA	Rabies_lyssavirus
86111YOU	KX148133	NA	1986-XX-XX	Fox	Bosnia_and_Herzegovina	NA	Rabies_lyssavirus
86117BRE	KX148109	NA	1986-XX-XX	Dog	Brazil	NA	Rabies_lyssavirus
86123BRE	KX148217	NA	1986-XX-XX	Dog	Brazil	NA	Rabies_lyssavirus
86133SER	KX148161	NA	1972-XX-XX	Fox	Serbia	NA	Rabies_lyssavirus
87002IRA	KX148186	NA	1984-XX-XX	Wolf	Iran	NA	Rabies_lyssavirus
87006ARS	KX148168	NA	1987-XX-XX	Fox	Saudi_Arabia	NA	Rabies_lyssavirus
87007ARS	KX148172	NA	1987-XX-XX	Horse	Saudi_Arabia	NA	Rabies_lyssavirus
87021AFS	KX148103	NA	1981-XX-XX	Human	South_Africa	NA	Rabies_lyssavirus
8743THA	EU293121	NA	XXXX-XX-XX	Unknown	Thailand	NA	Rabies_lyssavirus
8764THA	EU293111	NA	1983-XX-XX	Human	Thailand	NA	Rabies_lyssavirus
88003CAM	KX148243	NA	1987-XX-XX	Dog	Cameroon	NA	Rabies_lyssavirus
88008ETH	KX148200	NA	1988-XX-XX	Dog	Ethiopia	NA	Rabies_lyssavirus
89017MAR	KX148194	NA	1989-XX-XX	Dog	Morocco	NA	Rabies_lyssavirus
89V809AFX	KU198460	NA	1989-XX-XX	Fox	USA	NA	Rabies_lyssavirus
90001FRA	KX148268	NA	1990-XX-XX	Dog	French_Guiana	NA	Rabies_lyssavirus
90010NIG	KX148231	NA	1990-XX-XX	Dog	Niger	NA	Rabies_lyssavirus
90012NIG	KX148229	NA	1990-XX-XX	Dog	Niger	NA	Rabies_lyssavirus
90016MAR	KX148196	NA	1990-XX-XX	Dog	Morocco	NA	Rabies_lyssavirus
9001FRA	EU293113	NA	1990-XX-XX	Dog	Guyana	NA	Rabies_lyssavirus
90021TCH	KX148240	NA	1990-XX-XX	Dog	Chad	NA	Rabies_lyssavirus
90024GUI	KX148244	NA	1990-XX-XX	Dog	Guinea	NA	Rabies_lyssavirus
9084MxYucdog08	KX708504	NA	2008-XX-XX	Dog	Mexico	NA	Rabies_lyssavirus
90L2968AFX	KU198461	NA	1990-XX-XX	Fox	Canada	NA	Rabies_lyssavirus
90V814AFX	KU198462	NA	1990-XX-XX	Fox	USA	NA	Rabies_lyssavirus
90V820RFX	KU198463	NA	1990-XX-XX	Fox	USA	NA	Rabies_lyssavirus
91001USA	KX148213	NA	1982-XX-XX	Skunk	USA	NA	Rabies_lyssavirus
91004USA	KX148224	NA	1991-XX-XX	Skunk	USA	NA	Rabies_lyssavirus
91005USA	KX148106	NA	1990-XX-XX	Fox	USA	NA	Rabies_lyssavirus
91010MEX	KX148112	NA	1991-XX-XX	Human	Mexico	NA	Rabies_lyssavirus
91014MEX	KX148110	NA	1991-XX-XX	Dog	Mexico	NA	Rabies_lyssavirus
91015MEX	KX148111	NA	1991-XX-XX	Dog	Mexico	NA	Rabies_lyssavirus
91024EAU	KX148171	NA	1991-XX-XX	Fox	United_Arab_Emirates	NA	Rabies_lyssavirus
91026MEX	KX148102	NA	1991-XX-XX	Dog	Mexico	NA	Rabies_lyssavirus
91034OMA	KX148169	NA	1990-XX-XX	Camel	Oman	NA	Rabies_lyssavirus
91035OMA	KX148170	NA	1990-XX-XX	Fox	Oman	NA	Rabies_lyssavirus
91047FRA	KX148127	NA	1991-XX-XX	Fox	France	NA	Rabies_lyssavirus
9147FRA	EU293115	NA	1991-XX-XX	Fox	France	NA	Rabies_lyssavirus
91L0085AFX	KU198464	NA	1991-XX-XX	Fox	Canada	NA	Rabies_lyssavirus
92001GER	KX148135	NA	1991-XX-XX	Fox	Germany	NA	Rabies_lyssavirus
92002GER	KX148113	NA	1991-XX-XX	Fox	Germany	NA	Rabies_lyssavirus
92010GER	KX148124	NA	1991-XX-XX	Fox	Germany	NA	Rabies_lyssavirus
92012GER	KX148122	NA	1991-XX-XX	Fox	Germany	NA	Rabies_lyssavirus
92015HON	KX148160	NA	1991-XX-XX	Human	Hungary	NA	Rabies_lyssavirus
92017GER	KX148123	NA	1991-XX-XX	Fox	Germany	NA	Rabies_lyssavirus
92029CAR	KX148208	NA	1992-XX-XX	Dog	Central_African_Republic	NA	Rabies_lyssavirus
92030NAM	KX148204	NA	1992-XX-XX	Dog	Namibia	NA	Rabies_lyssavirus
92037CI	KX148232	NA	1992-XX-XX	Dog	Cote_dIvoire	NA	Rabies_lyssavirus
92038CI	KX148233	NA	1992-XX-XX	Dog	Cote_dIvoire	NA	Rabies_lyssavirus
92044FRA	KX148128	NA	1992-XX-XX	Fox	France	NA	Rabies_lyssavirus
92N7894RFX	KU198465	NA	1992-XX-XX	Fox	Canada	NA	Rabies_lyssavirus
93003SEN	KX148238	NA	1991-XX-XX	Dog	Senegal	NA	Rabies_lyssavirus
93005SEN	KX148239	NA	1992-XX-XX	Dog	Senegal	NA	Rabies_lyssavirus
93006SOM	KX148199	NA	1993-XX-XX	Jackal	Somalia	NA	Rabies_lyssavirus
93008IRA	KX148190	NA	1976-XX-XX	Jackal	Iran	NA	Rabies_lyssavirus
93009IRA	KX148188	NA	1991-XX-XX	Wolf	Iran	NA	Rabies_lyssavirus
93011MAU	KX148236	NA	1993-XX-XX	Dog	Mauritania	NA	Rabies_lyssavirus
93012MAU	KX148237	NA	1993-XX-XX	Dog	Mauritania	NA	Rabies_lyssavirus
93019IRA	KX148212	NA	1993-XX-XX	Jackal	Iran	NA	Rabies_lyssavirus
93030ISR	KX148180	NA	1993-XX-XX	Fox	Israel	NA	Rabies_lyssavirus
93031ISR	KX148183	NA	1993-XX-XX	Fox	Israel	NA	Rabies_lyssavirus
93032ISR	KX148191	NA	1993-XX-XX	Jackal	Israel	NA	Rabies_lyssavirus
93033ISR	KX148192	NA	1993-XX-XX	Dog	Israel	NA	Rabies_lyssavirus
93038EST	KX148148	NA	1992-XX-XX	Fox	Estonia	NA	Rabies_lyssavirus
93039EST	KX148149	NA	1991-XX-XX	Raccoon	Estonia	NA	Rabies_lyssavirus
93041EST	KX148155	NA	1993-XX-XX	Fox	Estonia	NA	Rabies_lyssavirus
93042EST	KX148156	NA	1991-XX-XX	Raccoon	Estonia	NA	Rabies_lyssavirus
93043EST	KX148157	NA	1993-XX-XX	Raccoon	Estonia	NA	Rabies_lyssavirus
93046FIN	KX148146	NA	1993-XX-XX	Fox	Finland	NA	Rabies_lyssavirus
93048FIN	KX148147	NA	1988-XX-XX	Raccoon	Finland	NA	Rabies_lyssavirus
93080HON	KX148143	NA	1993-XX-XX	Fox	Hungary	NA	Rabies_lyssavirus
93083HON	KX148136	NA	1993-XX-XX	Fox	Hungary	NA	Rabies_lyssavirus
93089HON	KX148137	NA	1993-XX-XX	Fox	Hungary	NA	Rabies_lyssavirus
93091HON	KX148138	NA	1993-XX-XX	Fox	Hungary	NA	Rabies_lyssavirus
93093HON	KX148139	NA	1993-XX-XX	Fox	Hungary	NA	Rabies_lyssavirus
93100TUR	KX148164	NA	1993-XX-XX	Dog	Turkey	NA	Rabies_lyssavirus
93105EST	KX148158	NA	1993-XX-XX	Fox	Estonia	NA	Rabies_lyssavirus
93128SOM	KX148198	NA	1993-XX-XX	Dog	Somalia	NA	Rabies_lyssavirus
93N1395AFX	KU198466	NA	1993-XX-XX	Fox	Canada	NA	Rabies_lyssavirus
94001TUR	KX148166	NA	1993-XX-XX	Dog	Turkey	NA	Rabies_lyssavirus
94002TUR	KX148162	NA	1993-XX-XX	Dog	Turkey	NA	Rabies_lyssavirus
94005TUR	KX148167	NA	1993-XX-XX	Dog	Turkey	NA	Rabies_lyssavirus
94009TUR	KX148165	NA	1993-XX-XX	Dog	Turkey	NA	Rabies_lyssavirus
94016TUR	KX148163	NA	1993-XX-XX	Dog	Turkey	NA	Rabies_lyssavirus
94029FRA	KX148134	NA	1994-XX-XX	Fox	France	NA	Rabies_lyssavirus
94033BEL	KX148125	NA	1994-XX-XX	Fox	Belgium	NA	Rabies_lyssavirus
94086SLN	KX148131	NA	1994-XX-XX	Fox	Slovenia	NA	Rabies_lyssavirus
94091SLN	KX148129	NA	1994-XX-XX	Fox	Slovenia	NA	Rabies_lyssavirus
94094SLN	KX148132	NA	1994-XX-XX	Fox	Slovenia	NA	Rabies_lyssavirus
94096SLN	KX148130	NA	1994-XX-XX	Fox	Slovenia	NA	Rabies_lyssavirus
94099SLN	KX148144	NA	1994-XX-XX	Fox	Slovenia	NA	Rabies_lyssavirus
94272PHI	KX148259	NA	1994-XX-XX	Dog	Philippines	NA	Rabies_lyssavirus
94275PHI	KX148263	NA	1994-XX-XX	Dog	Philippines	NA	Rabies_lyssavirus
94278PHI	KX148262	NA	1994-XX-XX	Dog	Philippines	NA	Rabies_lyssavirus
94281PHI	KX148261	NA	1994-XX-XX	Dog	Philippines	NA	Rabies_lyssavirus
94289RWA	KX148205	NA	1994-XX-XX	Dog	Rwanda	NA	Rabies_lyssavirus
95002CAM	KX148242	NA	1994-XX-XX	Dog	Cameroon	NA	Rabies_lyssavirus
95022BRE	KX148215	NA	1995-XX-XX	Dog	Brazil	NA	Rabies_lyssavirus
95023BRE	KX148214	NA	1995-XX-XX	Dog	Brazil	NA	Rabies_lyssavirus
95047HAV	KX148230	NA	1995-XX-XX	Dog	Burkina_Faso	NA	Rabies_lyssavirus
95049GAB	KX148202	NA	1995-XX-XX	Dog	Gabon	NA	Rabies_lyssavirus
96002FRA	KX148126	NA	1996-XX-XX	Fox	France	NA	Rabies_lyssavirus
96009TCH	KX148241	NA	1996-XX-XX	Dog	Chad	NA	Rabies_lyssavirus
96013TAN	KX148206	NA	1996-XX-XX	Dog	Tanzania	NA	Rabies_lyssavirus
96026POL	KX148150	NA	1986-XX-XX	Raccoon	Poland	NA	Rabies_lyssavirus
96042POL	KX148151	NA	1996-XX-XX	Fox	Poland	NA	Rabies_lyssavirus
96045POL	KX148119	NA	1993-XX-XX	Fox	Poland	NA	Rabies_lyssavirus
96056POL	KX148121	NA	1993-XX-XX	Fox	Poland	NA	Rabies_lyssavirus
96077POL	KX148118	NA	1994-XX-XX	Raccoon	Poland	NA	Rabies_lyssavirus
96097POL	KX148153	NA	1996-XX-XX	Raccoon	Poland	NA	Rabies_lyssavirus
96104POL	KX148114	NA	1995-XX-XX	Fox	Poland	NA	Rabies_lyssavirus
96135POL	KX148141	NA	1992-XX-XX	Fox	Poland	NA	Rabies_lyssavirus
96140POL	KX148120	NA	1993-XX-XX	Raccoon	Poland	NA	Rabies_lyssavirus
96142POL	KX148152	NA	1996-XX-XX	Raccoon	Poland	NA	Rabies_lyssavirus
96177POL	KX148142	NA	1994-XX-XX	Fox	Poland	NA	Rabies_lyssavirus
96250POL	KX148115	NA	1996-XX-XX	Fox	Poland	NA	Rabies_lyssavirus
96256POL	KX148116	NA	1996-XX-XX	Fox	Poland	NA	Rabies_lyssavirus
96299IRA	KX148185	NA	1996-XX-XX	Wolf	Iran	NA	Rabies_lyssavirus
96306ISR	KX148178	NA	1996-XX-XX	Dog	Israel	NA	Rabies_lyssavirus
96307ISR	KX148182	NA	1996-XX-XX	Dog	Israel	NA	Rabies_lyssavirus
96312ISR	KX148181	NA	1996-XX-XX	Dog	Israel	NA	Rabies_lyssavirus
96314ISR	KX148179	NA	1996-XX-XX	Jackal	Israel	NA	Rabies_lyssavirus
96317ISR	KX148177	NA	1996-XX-XX	Fox	Israel	NA	Rabies_lyssavirus
96320IRA	KX148187	NA	1996-XX-XX	Jackal	Iran	NA	Rabies_lyssavirus
96324ISR	KX148184	NA	1996-XX-XX	Cattle	Israel	NA	Rabies_lyssavirus
97002IND	KX148246	NA	1997-XX-XX	Human	India	NA	Rabies_lyssavirus
97004ARG	KX148269	NA	1997-XX-XX	Bat	Argentina	NA	Rabies_lyssavirus
97046POL	KX148117	NA	1997-XX-XX	Fox	Poland	NA	Rabies_lyssavirus
9704ARG	EU293116	NA	1997-XX-XX	Bat	Argentina	NA	Rabies_lyssavirus
97078POL	KX148154	NA	1997-XX-XX	Raccoon	Poland	NA	Rabies_lyssavirus
97139ARS	KX148173	NA	1997-XX-XX	Fox	Saudi_Arabia	NA	Rabies_lyssavirus
97L1793AFX	KU198467	NA	1997-XX-XX	Fox	Canada	NA	Rabies_lyssavirus
98001ARS	KX148174	NA	1998-XX-XX	Fox	Saudi_Arabia	NA	Rabies_lyssavirus
98002MAD	KX148210	NA	1998-XX-XX	Human	Madagascar	NA	Rabies_lyssavirus
98011CHI	KX148265	NA	1998-XX-XX	Dog	China	NA	Rabies_lyssavirus
99001NEP	KX148228	NA	1998-XX-XX	Dog	Nepal	NA	Rabies_lyssavirus
99004ARS	KX148175	NA	1998-XX-XX	Fox	Saudi_Arabia	NA	Rabies_lyssavirus
99008CBG	KX148252	NA	1999-XX-XX	Dog	Cambodia	NA	Rabies_lyssavirus
99009BIR	KX148247	NA	1999-XX-XX	Dog	Myanmar	NA	Rabies_lyssavirus
99010LAO	KX148255	NA	1999-XX-XX	Dog	Laos	NA	Rabies_lyssavirus
99011CBG	KX148251	NA	1998-XX-XX	Dog	Cambodia	NA	Rabies_lyssavirus
99012CBG	KX148253	NA	1998-XX-XX	Dog	Cambodia	NA	Rabies_lyssavirus
99015BIR	KX148248	NA	1999-XX-XX	Dog	Myanmar	NA	Rabies_lyssavirus
99016CBG	KX148250	NA	1999-XX-XX	Dog	Cambodia	NA	Rabies_lyssavirus
A02_2971	JQ685952	NA	2002-XX-XX	Bat	USA	NA	Rabies_lyssavirus
A02_2972	JQ685965	NA	2002-XX-XX	Bat	USA	NA	Rabies_lyssavirus
A093500	JQ685898	NA	2009-XX-XX	Bat	USA	NA	Rabies_lyssavirus
A093504	JQ685950	NA	2009-XX-XX	Bat	USA	NA	Rabies_lyssavirus
A10_0511	JQ685943	NA	2009-XX-XX	Fox	USA	NA	Rabies_lyssavirus
A10_0512	JQ685968	NA	2009-XX-XX	Skunk	USA	NA	Rabies_lyssavirus
A10_0514	JQ685938	NA	2009-XX-XX	Skunk	USA	NA	Rabies_lyssavirus
A10_0515	JQ685899	NA	2009-XX-XX	Fox	USA	NA	Rabies_lyssavirus
A11_1043	JQ685973	NA	2011-XX-XX	Coyote	USA	NA	Rabies_lyssavirus
A11_5300	KC737850	NA	2011-XX-XX	Human	USA	NA	Rabies_lyssavirus
AT6	KU523255	NA	2010-09-15	Bat	French_Guiana	NA	Rabies_lyssavirus
AUS/2004/brain	LT993246	NA	XXXX-XX-XX	Unknown	NA	NA	Rabies_lyssavirus
AUS/2004/cellculture	LT993243	NA	XXXX-XX-XX	Unknown	NA	NA	Rabies_lyssavirus
AZ10_140	JQ685961	NA	2010-XX-XX	Bat	USA	NA	Rabies_lyssavirus
AZ10_144	JQ685951	NA	2010-XX-XX	Bat	USA	NA	Rabies_lyssavirus
AZ2408	JQ685926	NA	2005-XX-XX	Bat	USA	NA	Rabies_lyssavirus
AZ3003	JQ685971	NA	2009-XX-XX	Bat	USA	NA	Rabies_lyssavirus
AZ4490	JQ685955	NA	2005-XX-XX	Bat	USA	NA	Rabies_lyssavirus
AZBAT_65094	JQ685942	NA	1981-XX-XX	Bat	USA	NA	Rabies_lyssavirus
AZBAT_6763	JQ685913	NA	1985-XX-XX	Bat	USA	NA	Rabies_lyssavirus
AZBAT_7453	JQ685956	NA	1975-XX-XX	Bat	USA	NA	Rabies_lyssavirus
B2c	HQ891318	NA	XXXX-XX-XX	Unknown	NA	NA	Rabies_lyssavirus
BD0406CC	KC171644	NA	2004-06-05	Raccoon	South_Korea	NA	Rabies_lyssavirus
BD06	EU549783	NA	XXXX-XX-XX	Unknown	China	NA	Rabies_lyssavirus
BDR5	AB699220	NA	2010-12-12	Goat	Bangladesh	NA	Rabies_lyssavirus
BJ2011E	JQ423952	NA	2011-XX-XX	Horse	China	NA	Rabies_lyssavirus
BR_AL1	AB519641	NA	XXXX-XX-XX	Bat	Brazil	NA	Rabies_lyssavirus
BR_BAT34	AB608731	NA	XXXX-XX-XX	Bat	Brazil	NA	Rabies_lyssavirus
BR_DR1	AB519642	NA	XXXX-XX-XX	Bat	Brazil	NA	Rabies_lyssavirus
BR_Pfx1	AB362483	NA	XXXX-XX-XX	Fox	Brazil	NA	Rabies_lyssavirus
BR_Pfx3	AB517660	NA	XXXX-XX-XX	Unknown	Brazil	NA	Rabies_lyssavirus
BRdg335	AB517659	NA	XXXX-XX-XX	Dog	Brazil	NA	Rabies_lyssavirus
BRmk1358	AB810256	NA	XXXX-XX-XX	Monkey	Brazil	NA	Rabies_lyssavirus
BV9901PJ	KC171645	NA	1999-01-18	Raccoon	South_Korea	NA	Rabies_lyssavirus
CA04148	JQ685903	NA	2004-XX-XX	Bat	USA	NA	Rabies_lyssavirus
CA100	JQ685909	NA	2005-XX-XX	Bat	USA	NA	Rabies_lyssavirus
CA982	JQ685894	NA	1994-XX-XX	Skunk	USA	NA	Rabies_lyssavirus
CAN/1991/brain	LT993240	NA	XXXX-XX-XX	Unknown	NA	NA	Rabies_lyssavirus
CAN/1994/brain	LT993241	NA	XXXX-XX-XX	Unknown	NA	NA	Rabies_lyssavirus
CAN/1996/brain	LT993242	NA	XXXX-XX-XX	Unknown	NA	NA	Rabies_lyssavirus
CAR_11/001h	KF977826	NA	2011-09-XX	Human	Central_African_Republic	NA	Rabies_lyssavirus
CASK2	JQ685970	NA	1974-XX-XX	Skunk	USA	NA	Rabies_lyssavirus
CH/GDZQ/2015	KY451767	NA	2015-XX-XX	Dog	China	NA	Rabies_lyssavirus
CHN0802D	JQ970480	NA	2008-XX-XX	Dog	China	1	Rabies_lyssavirus
CJS0621D	JQ970481	NA	2006-XX-XX	Dog	China	1	Rabies_lyssavirus
CJS0636D	JQ970482	NA	2006-XX-XX	Dog	China	1	Rabies_lyssavirus
CJS0848D	JQ970483	NA	2008-XX-XX	Dog	China	1	Rabies_lyssavirus
CJX0903D	JQ970484	NA	2009-XX-XX	Dog	China	1	Rabies_lyssavirus
CJX0906D	JQ970485	NA	2009-XX-XX	Dog	China	1	Rabies_lyssavirus
CNIM1701	KY649620	NA	XXXX-XX-XX	Cattle	NA	NA	Rabies_lyssavirus
CNIM1702	MF172976	NA	XXXX-XX-XX	Cattle	NA	NA	Rabies_lyssavirus
CNIM1703	MH267792	NA	2017-XX-XX	Sheep	China	NA	Rabies_lyssavirus
CNM1101C	KC193267	NA	2011-XX-XX	Cattle	China	NA	Rabies_lyssavirus
CNM1103C	KC252633	NA	2011-XX-XX	Cattle	China	NA	Rabies_lyssavirus
CNM1104D	KC252634	NA	2011-XX-XX	Dog	China	NA	Rabies_lyssavirus
CO_Coyot_2010	JQ685917	NA	2010-XX-XX	Coyote	USA	NA	Rabies_lyssavirus
CQ92	GU345746	NA	1992-XX-XX	Dog	China	NA	Rabies_lyssavirus
CQH1202D/China/2012	KM272192	NA	2012-XX-XX	Dog	China	NA	Rabies_lyssavirus
CSD0708D	JQ970486	NA	2007-XX-XX	Dog	China	1	Rabies_lyssavirus
CSX0904D	JQ970487	NA	2009-XX-XX	Dog	China	1	Rabies_lyssavirus
CTMZZ11	KY780299	NA	2017-01-23	Human	China	1	Rabies_lyssavirus
CTN181	EF564174	NA	1956-XX-XX	Unknown	China	1	Rabies_lyssavirus
CTN181_3	KU946961	NA	2009-XX-XX	Unknown	China	NA	Rabies_lyssavirus
CTNCEC25	KJ466147	NA	XXXX-XX-XX	Unknown	China	NA	Rabies_lyssavirus
CTN_1	FJ959397	NA	1956-XX-XX	Unknown	China	NA	Rabies_lyssavirus
CTN_1_31	HQ317918	NA	1956-XX-XX	Human	China	NA	Rabies_lyssavirus
CVS	LC325820	NA	XXXX-XX-XX	Unknown	NA	NA	Rabies_lyssavirus
CVS_11	GQ918139	NA	XXXX-XX-XX	Unknown	India	NA	Rabies_lyssavirus
CVS_N2c	HM535790	NA	XXXX-XX-XX	Unknown	USA	NA	Rabies_lyssavirus
CYN1009D	JQ730682	NA	2010-XX-XX	Dog	China	NA	Rabies_lyssavirus
ChDg	MG458321	NA	XXXX-XX-XX	Dog	China	NA	Rabies_lyssavirus
Coati_3639	JQ685963	NA	2009-XX-XX	Raccoon	Mexico	NA	Rabies_lyssavirus
D01	FJ712193	NA	2008-XX-XX	Dog	China	NA	Rabies_lyssavirus
D02	FJ712194	NA	2008-XX-XX	Dog	China	NA	Rabies_lyssavirus
DRV	DQ875051	NA	XXXX-XX-XX	Unknown	China	1	Rabies_lyssavirus
DRV_AH08	HQ450385	NA	2008-XX-XX	Dog	China	NA	Rabies_lyssavirus
DRV_Mexico	HQ450386	NA	XXXX-XX-XX	Dog	Mexico	NA	Rabies_lyssavirus
DRV_NG11	KC196743	NA	2011-XX-XX	Dog	Nigeria	NA	Rabies_lyssavirus
EF	JQ685920	NA	1984-XX-XX	Bat	USA	NA	Rabies_lyssavirus
EPHVAC	JQ944709	NA	2008-XX-XX	Unknown	Ethiopia	NA	Rabies_lyssavirus
ERA	AB781935	NA	XXXX-XX-XX	Unknown	India	NA	Rabies_lyssavirus
ERA_VC	FJ913470	NA	2007-03-XX	Unknown	China	NA	Rabies_lyssavirus
ERA__Evelyn_Rokitniki_Abelseth	EF206707	NA	XXXX-XX-XX	Unknown	NA	NA	Rabies_lyssavirus
F02	FJ712195	NA	2008-XX-XX	Badger	China	NA	Rabies_lyssavirus
F04	FJ712196	NA	2008-XX-XX	Badger	China	NA	Rabies_lyssavirus
FJ008	FJ866835	NA	2008-11-XX	Dog	China	NA	Rabies_lyssavirus
FJ009	FJ866836	NA	2008-11-XX	Dog	China	NA	Rabies_lyssavirus
FJDRV	JN609295	NA	2008-XX-XX	Dog	China	NA	Rabies_lyssavirus
FL1010	JQ685916	NA	2002-XX-XX	Bat	USA	NA	Rabies_lyssavirus
FL1078	JQ685921	NA	2001-XX-XX	Bat	USA	NA	Rabies_lyssavirus
FL385	JQ685905	NA	2003-XX-XX	Bat	USA	NA	Rabies_lyssavirus
FL769	JQ685900	NA	2003-XX-XX	Bat	USA	NA	Rabies_lyssavirus
FluryLEP	DQ099524	NA	XXXX-XX-XX	Unknown	NA	NA	Rabies_lyssavirus
Flury_HEP	GU565704	NA	1948-XX-XX	Unknown	NA	NA	Rabies_lyssavirus
Flury_LEP	GU565703	NA	1948-XX-XX	Unknown	NA	NA	Rabies_lyssavirus
Flury_LEP_C	FJ577895	NA	XXXX-XX-XX	Unknown	China	NA	Rabies_lyssavirus
GD_SH_01	JX088694	NA	XXXX-XX-XX	Swine	China	NA	Rabies_lyssavirus
GER/2001/brain	LT993233	NA	XXXX-XX-XX	Unknown	NA	NA	Rabies_lyssavirus
GER/2002/cellculture	LT993244	NA	XXXX-XX-XX	Unknown	NA	NA	Rabies_lyssavirus
GER/2004/brain	LT993234	NA	XXXX-XX-XX	Unknown	NA	NA	Rabies_lyssavirus
GX074	MG201923	NA	2003-02-12	Dog	China	NA	Rabies_lyssavirus
GX4	GU358653	NA	1994-XX-XX	Dog	China	NA	Rabies_lyssavirus
GXBH2011	MG201922	NA	2012-05-08	Dog	China	NA	Rabies_lyssavirus
GXHXN	KC169986	NA	2009-12-16	Cow	China	NA	Rabies_lyssavirus
GXN119	MG201920	NA	2010-10-09	Dog	China	NA	Rabies_lyssavirus
GXNNSL	MG201919	NA	2011-12-06	Dog	China	NA	Rabies_lyssavirus
Gra_01.06_7_F	LM645051	NA	2007-01-XX	Fox	Greenland	NA	Rabies_lyssavirus
Gra_01.09_7_S	LM645039	NA	2009-01-XX	Sheep	Greenland	NA	Rabies_lyssavirus
Gra_01.10_7_F	LM645043	NA	2010-01-XX	Fox	Greenland	NA	Rabies_lyssavirus
Gra_01.11_7_F	LM645044	NA	2011-03-XX	Sheep	Greenland	NA	Rabies_lyssavirus
Gra_01.13_2_F	LT598539	NA	XXXX-XX-XX	Unknown	NA	NA	Rabies_lyssavirus
Gra_01.14_3_F	LT598543	NA	XXXX-XX-XX	Unknown	NA	NA	Rabies_lyssavirus
Gra_02.06_7_F	LM645052	NA	2006-02-XX	Fox	Greenland	NA	Rabies_lyssavirus
Gra_02.07_3_F	LM645020	NA	2007-01-XX	Fox	Greenland	NA	Rabies_lyssavirus
Gra_02.08_7_F	LM645056	NA	2008-04-XX	Fox	Greenland	NA	Rabies_lyssavirus
Gra_02.09_7_S	LM645040	NA	2009-01-XX	Sheep	Greenland	NA	Rabies_lyssavirus
Gra_02.10_5_F	LM645033	NA	2010-05-XX	Fox	Greenland	NA	Rabies_lyssavirus
Gra_02.13_2_F	LT598538	NA	XXXX-XX-XX	Unknown	NA	NA	Rabies_lyssavirus
Gra_02.14_4_F	LT598540	NA	XXXX-XX-XX	Unknown	NA	NA	Rabies_lyssavirus
Gra_03.06_3_F	LM645025	NA	2006-02-XX	Fox	Greenland	NA	Rabies_lyssavirus
Gra_03.08_7_F	LM645041	NA	2008-04-XX	Fox	Greenland	NA	Rabies_lyssavirus
Gra_03.09_7_F	LM645042	NA	2009-03-XX	Fox	Greenland	NA	Rabies_lyssavirus
Gra_03.10_2_F	LM645019	NA	2010-06-XX	Fox	Greenland	NA	Rabies_lyssavirus
Gra_03.13_1_F	LT598541	NA	XXXX-XX-XX	Unknown	NA	NA	Rabies_lyssavirus
Gra_03.14_4_F	LT598542	NA	XXXX-XX-XX	Unknown	NA	NA	Rabies_lyssavirus
Gra_04.06_3_F	LM645021	NA	2006-02-XX	Fox	Greenland	NA	Rabies_lyssavirus
Gra_04.07_7_F	LM645053	NA	2007-01-XX	Fox	Greenland	NA	Rabies_lyssavirus
Gra_05.06_3_F	LM645026	NA	2006-02-XX	Fox	Greenland	NA	Rabies_lyssavirus
Gra_05.07_7_F	LM645045	NA	2007-02-XX	Fox	Greenland	NA	Rabies_lyssavirus
Gra_05.10_5_F	LM645032	NA	2010-06-XX	Fox	Greenland	NA	Rabies_lyssavirus
Gra_06.06_7_C	LM645046	NA	2006-03-XX	Cat	Greenland	NA	Rabies_lyssavirus
Gra_06.10_6_F	LM645036	NA	2010-09-XX	Fox	Greenland	NA	Rabies_lyssavirus
Gra_07.06_1_F	LM645015	NA	2006-03-XX	Fox	Greenland	NA	Rabies_lyssavirus
Gra_07.09_6_F	LM645034	NA	2009-05-XX	Fox	Greenland	NA	Rabies_lyssavirus
Gra_07.10_6_F	LM645035	NA	2010-09-XX	Fox	Greenland	NA	Rabies_lyssavirus
Gra_08.06_3_F	LM645023	NA	2006-03-XX	Fox	Greenland	NA	Rabies_lyssavirus
Gra_09.06_3_F	LM645028	NA	2006-03-XX	Fox	Greenland	NA	Rabies_lyssavirus
Gra_09.07_4_F	LM645029	NA	2007-04-XX	Fox	Greenland	NA	Rabies_lyssavirus
Gra_10.06_3_F	LM645024	NA	2006-03-XX	Fox	Greenland	NA	Rabies_lyssavirus
Gra_10.07_4_F	LM645030	NA	2007-05-XX	Fox	Greenland	NA	Rabies_lyssavirus
Gra_10.08_6_F	LM645037	NA	2008-11-XX	Fox	Greenland	NA	Rabies_lyssavirus
Gra_13.08_7_F	LM645047	NA	2008-12-XX	Fox	Greenland	NA	Rabies_lyssavirus
Gra_13.09_6_F	LM645038	NA	2009-12-XX	Fox	Greenland	NA	Rabies_lyssavirus
Gra_14.06_1_F	LM645016	NA	2006-04-XX	Fox	Greenland	NA	Rabies_lyssavirus
Gra_15.07_7_S	LM645054	NA	2007-10-XX	Sheep	Greenland	NA	Rabies_lyssavirus
Gra_16.06_4_F	LM645031	NA	2006-05-XX	Fox	Greenland	NA	Rabies_lyssavirus
Gra_18.05_7_F	LM645048	NA	2005-11-XX	Fox	Greenland	NA	Rabies_lyssavirus
Gra_21.05_1_F	LM645017	NA	2005-12-XX	Fox	Greenland	NA	Rabies_lyssavirus
Gra_21.06_7_F	LM645055	NA	2006-09-XX	Fox	Greenland	NA	Rabies_lyssavirus
Gra_23.06_2_F	LM645018	NA	2006-11-XX	Fox	Greenland	NA	Rabies_lyssavirus
Gra_24.06_3_D	LM645022	NA	2006-11-XX	Dog	Greenland	NA	Rabies_lyssavirus
Gra_25.06_3_F	LM645027	NA	2006-11-XX	Fox	Greenland	NA	Rabies_lyssavirus
Gra_3a.07_7_F	LM645049	NA	2007-01-XX	Fox	Greenland	NA	Rabies_lyssavirus
Gra_3b.07_7_F	LM645050	NA	2007-01-XX	Fox	Greenland	NA	Rabies_lyssavirus
HEP_Flury	AB085828	NA	XXXX-XX-XX	Unknown	NA	NA	Rabies_lyssavirus
HN10	EU643590	NA	2006-XX-XX	Unknown	China	1	Rabies_lyssavirus
H_08_1320	AB569299	NA	2008-11-01	Human	Sri_Lanka	NA	Rabies_lyssavirus
H_1413_09	AB635373	NA	2009-11-XX	Civet	Sri_Lanka	NA	Rabies_lyssavirus
IGU_R201_Nilgai	KY775603	NA	2014-XX-XX	Antelope	India	NA	Rabies_lyssavirus
IGU_R202_Mongoose	KY775604	NA	2014-XX-XX	Mongoose	India	NA	Rabies_lyssavirus
IMDRV_13	KJ564280	NA	2013-09-20	Deer	China	NA	Rabies_lyssavirus
IP_1400/10	KM594030	NA	2010-XX-XX	Bat	Brazil	NA	Rabies_lyssavirus
IP_1586/10	KM594038	NA	2010-XX-XX	Bat	Brazil	NA	Rabies_lyssavirus
IP_163/10	KM594031	NA	2010-XX-XX	Bat	Brazil	NA	Rabies_lyssavirus
IP_1770/12	KM594024	NA	2012-XX-XX	Monkey	Brazil	NA	Rabies_lyssavirus
IP_230/10	KM594027	NA	2010-XX-XX	Bat	Brazil	NA	Rabies_lyssavirus
IP_2990/13	KM594041	NA	2013-XX-XX	Bat	Brazil	NA	Rabies_lyssavirus
IP_2991/13	KM594042	NA	2013-XX-XX	Bat	Brazil	NA	Rabies_lyssavirus
IP_2992/13	KM594040	NA	2013-XX-XX	Bat	Brazil	NA	Rabies_lyssavirus
IP_3176/09	KM594037	NA	2009-XX-XX	Bat	Brazil	NA	Rabies_lyssavirus
IP_3208/06	KM594029	NA	2006-XX-XX	Bat	Brazil	NA	Rabies_lyssavirus
IP_346/10	KM594028	NA	2010-XX-XX	Bat	Brazil	NA	Rabies_lyssavirus
IP_350/10	KM594034	NA	2010-XX-XX	Bat	Brazil	NA	Rabies_lyssavirus
IP_4005/12	KM594043	NA	2012-XX-XX	Cattle	Brazil	NA	Rabies_lyssavirus
IP_412/10	KM594035	NA	2010-XX-XX	Bat	Brazil	NA	Rabies_lyssavirus
IP_4431/10	KM594033	NA	2010-XX-XX	Bat	Brazil	NA	Rabies_lyssavirus
IP_497/10	KM594032	NA	2010-XX-XX	Bat	Brazil	NA	Rabies_lyssavirus
IP_512/09	KM594026	NA	2009-XX-XX	Bat	Brazil	NA	Rabies_lyssavirus
IP_5402/07	KM594025	NA	2007-XX-XX	Monkey	Brazil	NA	Rabies_lyssavirus
IP_542/10	KM594036	NA	2010-XX-XX	Bat	Brazil	NA	Rabies_lyssavirus
IP_6634/08	KM594023	NA	2008-XX-XX	Monkey	Brazil	NA	Rabies_lyssavirus
IP_7841/09	KM594039	NA	2009-XX-XX	Fox	Brazil	NA	Rabies_lyssavirus
InDRE3944	KT006769	NA	2013-10-29	Dog	Mexico	NA	Rabies_lyssavirus
J	GU345747	NA	1986-XX-XX	Human	China	NA	Rabies_lyssavirus
JX08_45	GU647092	NA	2008-10-XX	Badger	China	NA	Rabies_lyssavirus
JX08_45CC	JQ946087	NA	2011-XX-XX	Unknown	China	NA	Rabies_lyssavirus
JX09_17_fb_	KC762941	NA	2009-01-XX	Badger	China	NA	Rabies_lyssavirus
JX09_18	KF726852	NA	2009-01-30	Badger	China	NA	Rabies_lyssavirus
JX10_37	KF726853	NA	2010-11-30	Badger	China	NA	Rabies_lyssavirus
JZ13_Lv	KJ004416	NA	2013-12-01	Human	China	NA	Rabies_lyssavirus
LAT/2015/brain1	LT993237	NA	XXXX-XX-XX	Unknown	NA	NA	Rabies_lyssavirus
LAT/2015/brain2	LT993238	NA	XXXX-XX-XX	Unknown	NA	NA	Rabies_lyssavirus
LB19	MG201921	NA	2012-03-05	Dog	China	NA	Rabies_lyssavirus
Lao2	AB981663	NA	2011-11-04	Dog	Laos	NA	Rabies_lyssavirus
Lao4	AB981664	NA	2011-10-18	Dog	Laos	NA	Rabies_lyssavirus
MA.2003.5142	MG562518	NA	2003-XX-XX	Raccoon	USA	NA	Rabies_lyssavirus
ME.2013.0002	MF143191	NA	2013-01-03	Skunk	USA	NA	Rabies_lyssavirus
ME.2013.0025	MF143192	NA	2013-02-04	Raccoon	USA	NA	Rabies_lyssavirus
ME.2013.0034	MF143193	NA	2013-02-13	Raccoon	USA	NA	Rabies_lyssavirus
ME.2013.0052	MF143194	NA	2013-02-28	Skunk	USA	NA	Rabies_lyssavirus
ME.2013.0064	MF143195	NA	2013-03-21	Raccoon	USA	NA	Rabies_lyssavirus
ME.2013.0067	MF143196	NA	2013-03-22	Raccoon	USA	NA	Rabies_lyssavirus
ME.2013.0098	MF143197	NA	2013-04-12	Skunk	USA	NA	Rabies_lyssavirus
ME.2013.0101	MF143198	NA	2013-04-17	Skunk	USA	NA	Rabies_lyssavirus
ME.2013.0102	MF143199	NA	2013-04-17	Raccoon	USA	NA	Rabies_lyssavirus
ME.2013.0109	MF143200	NA	2013-04-25	Raccoon	USA	NA	Rabies_lyssavirus
ME.2013.0110	MF143201	NA	2013-04-26	Raccoon	USA	NA	Rabies_lyssavirus
ME.2013.0113	MF143202	NA	2013-04-30	Skunk	USA	NA	Rabies_lyssavirus
ME.2013.0157	MF143203	NA	2013-06-06	Fox	USA	NA	Rabies_lyssavirus
ME.2013.0158	MF143204	NA	2013-06-10	Skunk	USA	NA	Rabies_lyssavirus
ME.2013.0187	MF143205	NA	2013-06-25	Raccoon	USA	NA	Rabies_lyssavirus
ME.2013.0233	MF143206	NA	2013-07-19	Raccoon	USA	NA	Rabies_lyssavirus
ME.2013.0247	MF143207	NA	2013-07-31	Fox	USA	NA	Rabies_lyssavirus
ME.2013.0332	MF143208	NA	2013-08-19	Raccoon	USA	NA	Rabies_lyssavirus
ME.2013.0425	MF143209	NA	2013-10-11	Skunk	USA	NA	Rabies_lyssavirus
ME.2013.0444	MF143210	NA	2013-10-28	Skunk	USA	NA	Rabies_lyssavirus
ME.2013.0491	MF143211	NA	2013-12-20	Skunk	USA	NA	Rabies_lyssavirus
ME.2013.0498	MF143212	NA	2013-12-31	Skunk	USA	NA	Rabies_lyssavirus
ME.2014.0038	MF143213	NA	2014-02-27	Raccoon	USA	NA	Rabies_lyssavirus
ME.2014.0079	MF143214	NA	2014-04-22	Skunk	USA	NA	Rabies_lyssavirus
ME.2014.0084	MF143215	NA	2014-05-02	Raccoon	USA	NA	Rabies_lyssavirus
ME.2014.0090	MF143216	NA	2014-05-07	Skunk	USA	NA	Rabies_lyssavirus
ME.2014.0091	MF143217	NA	2014-05-08	Raccoon	USA	NA	Rabies_lyssavirus
ME.2014.0095	MF143218	NA	2014-05-13	Raccoon	USA	NA	Rabies_lyssavirus
ME.2014.0103	MF143219	NA	2014-05-22	Raccoon	USA	NA	Rabies_lyssavirus
ME.2014.0137	MF143220	NA	2014-06-13	Fox	USA	NA	Rabies_lyssavirus
ME.2014.0169	MF143221	NA	2014-06-26	Raccoon	USA	NA	Rabies_lyssavirus
ME.2014.0197	MF143222	NA	2014-07-11	Raccoon	USA	NA	Rabies_lyssavirus
MEXSK13938	JQ685954	NA	2007-XX-XX	Skunk	Mexico	NA	Rabies_lyssavirus
MEXSK3636	JQ685975	NA	2009-XX-XX	Skunk	Mexico	NA	Rabies_lyssavirus
MEXSK3644	JQ685929	NA	2009-XX-XX	Skunk	Mexico	NA	Rabies_lyssavirus
MRV	DQ875050	NA	XXXX-XX-XX	Unknown	China	1	Rabies_lyssavirus
Moscow_3253	KM198893	NA	XXXX-XX-XX	Unknown	Russia	NA	Rabies_lyssavirus
Moscow_3253__Vero_	MF630920	NA	2016-03-XX	Unknown	Russia	NA	Rabies_lyssavirus
NB.2000.4394	MF143223	NA	2000-09-12	Skunk	Canada	NA	Rabies_lyssavirus
NB.2000.5443	MF143224	NA	2000-10-31	Skunk	Canada	NA	Rabies_lyssavirus
NB.2000.5579	MF143225	NA	2000-11-07	Raccoon	Canada	NA	Rabies_lyssavirus
NB.2000.5733	MF143226	NA	2000-11-16	Skunk	Canada	NA	Rabies_lyssavirus
NB.2000.5735	MF143227	NA	2000-11-16	Raccoon	Canada	NA	Rabies_lyssavirus
NB.2001.0005	MF143228	NA	2001-01-02	Raccoon	Canada	NA	Rabies_lyssavirus
NB.2001.0006	MF143229	NA	2001-01-02	Skunk	Canada	NA	Rabies_lyssavirus
NB.2001.1588	MF143230	NA	2001-04-11	Raccoon	Canada	NA	Rabies_lyssavirus
NB.2001.3484	MF143231	NA	2001-04-26	Raccoon	Canada	NA	Rabies_lyssavirus
NB.2001.6249	MF143232	NA	2001-06-21	Raccoon	Canada	NA	Rabies_lyssavirus
NB.2001.9134	MF143233	NA	2001-08-22	Raccoon	Canada	NA	Rabies_lyssavirus
NB.2002.3420	MF143234	NA	2002-05-30	Raccoon	Canada	NA	Rabies_lyssavirus
NB.2014.0486	MF143235	NA	2014-06-02	Raccoon	Canada	NA	Rabies_lyssavirus
NB.2015.0046	MF143236	NA	2015-01-22	Raccoon	Canada	NA	Rabies_lyssavirus
NB.2015.0149	MF143237	NA	2015-03-03	Raccoon	Canada	NA	Rabies_lyssavirus
NB.2015.0155	MF143238	NA	2015-03-04	Raccoon	Canada	NA	Rabies_lyssavirus
NB.2015.0156	MF143239	NA	2015-03-04	Raccoon	Canada	NA	Rabies_lyssavirus
NB.2015.0183	MF143240	NA	2015-03-10	Raccoon	Canada	NA	Rabies_lyssavirus
NB.2015.0185	MF143241	NA	2015-03-10	Raccoon	Canada	NA	Rabies_lyssavirus
NB.2015.0201	MF143242	NA	2015-03-18	Raccoon	Canada	NA	Rabies_lyssavirus
NB.2015.0202	MF143243	NA	2015-03-18	Raccoon	Canada	NA	Rabies_lyssavirus
NB.2015.0207	MF143244	NA	2015-03-19	Raccoon	Canada	NA	Rabies_lyssavirus
NB.2015.0270	MF143245	NA	2015-04-14	Raccoon	Canada	NA	Rabies_lyssavirus
NB.2015.0343	MF143246	NA	2015-05-05	Raccoon	Canada	NA	Rabies_lyssavirus
NB.2015.0359	MF143247	NA	2015-05-07	Raccoon	Canada	NA	Rabies_lyssavirus
NB.2015.0583	MF143248	NA	2015-06-23	Raccoon	Canada	NA	Rabies_lyssavirus
NB.2015.0671	MF143249	NA	2015-07-14	Raccoon	Canada	NA	Rabies_lyssavirus
NB.2015.0672	MF143250	NA	2015-07-14	Raccoon	Canada	NA	Rabies_lyssavirus
NB.2015.0774	MF143251	NA	2015-07-29	Skunk	Canada	NA	Rabies_lyssavirus
NB.2015.0835	MF143252	NA	2015-08-06	Raccoon	Canada	NA	Rabies_lyssavirus
NB.2015.0921	MF143253	NA	2015-08-18	Raccoon	Canada	NA	Rabies_lyssavirus
NB.2015.1049	MF143254	NA	2015-09-01	Raccoon	Canada	NA	Rabies_lyssavirus
NC1234	JQ685967	NA	XXXX-XX-XX	Skunk	USA	NA	Rabies_lyssavirus
NC839	JQ685944	NA	1984-XX-XX	Skunk	USA	NA	Rabies_lyssavirus
NH.2003.5152	MG562519	NA	2003-XX-XX	Raccoon	USA	NA	Rabies_lyssavirus
NH.2003.5154	MG562520	NA	2003-XX-XX	Raccoon	USA	NA	Rabies_lyssavirus
NJ.2004.1927	MG562521	NA	2004-XX-XX	Horse	USA	NA	Rabies_lyssavirus
NJ2262	JQ685919	NA	2005-XX-XX	Bat	USA	NA	Rabies_lyssavirus
NNV_RAB_H	EF437215	NA	XXXX-XX-XX	Human	India	1	Rabies_lyssavirus
NY.1990.2072	MG562523	NA	1990-XX-XX	Raccoon	USA	NA	Rabies_lyssavirus
NY.1990.5015	MG562524	NA	1990-XX-XX	Raccoon	USA	NA	Rabies_lyssavirus
NY.1992.0394	MG562525	NA	1992-XX-XX	Raccoon	USA	NA	Rabies_lyssavirus
NY.1994.1330	MF143290	NA	1994-03-24	Raccoon	USA	NA	Rabies_lyssavirus
NY.1995.0364	MG562526	NA	1995-XX-XX	Raccoon	USA	NA	Rabies_lyssavirus
NY.1995.3745	MF143291	NA	1995-07-12	Raccoon	USA	NA	Rabies_lyssavirus
NY.2003.1694	MF143292	NA	2003-05-21	Raccoon	USA	NA	Rabies_lyssavirus
NY.2003.1734	MG562527	NA	2003-XX-XX	Raccoon	USA	NA	Rabies_lyssavirus
NY.2003.1995	MF143293	NA	2003-06-06	Raccoon	USA	NA	Rabies_lyssavirus
NY.2003.2059	MG562528	NA	2003-XX-XX	Raccoon	USA	NA	Rabies_lyssavirus
NY.2003.3040	MG562529	NA	2003-XX-XX	Raccoon	USA	NA	Rabies_lyssavirus
NY.2003.7809	MF143294	NA	2003-11-24	Skunk	USA	NA	Rabies_lyssavirus
NY.2003.7854	MG562530	NA	2003-XX-XX	Raccoon	USA	NA	Rabies_lyssavirus
NY.2003.7914	MG562531	NA	2003-XX-XX	Raccoon	USA	NA	Rabies_lyssavirus
NY.2003.7917	MG562532	NA	2003-XX-XX	Skunk	USA	NA	Rabies_lyssavirus
NY.2003.7990	MG562533	NA	2003-XX-XX	Raccoon	USA	NA	Rabies_lyssavirus
NY.2003.8109	MF143336	NA	2003-12-22	Raccoon	USA	NA	Rabies_lyssavirus
NY.2003.8176	MF143295	NA	2003-12-25	Raccoon	USA	NA	Rabies_lyssavirus
NY.2004.0023	MF143296	NA	2004-01-05	Skunk	USA	NA	Rabies_lyssavirus
NY.2004.0353	MF143297	NA	2004-02-06	Raccoon	USA	NA	Rabies_lyssavirus
NY.2004.1046	MG562534	NA	2004-XX-XX	Raccoon	USA	NA	Rabies_lyssavirus
NY.2004.1133	MF143298	NA	2004-04-21	Raccoon	USA	NA	Rabies_lyssavirus
NY.2004.1247	MG562535	NA	2004-XX-XX	Raccoon	USA	NA	Rabies_lyssavirus
NY.2004.1285	MF143299	NA	2004-05-04	Raccoon	USA	NA	Rabies_lyssavirus
NY.2004.1600	MF143300	NA	2004-05-20	Raccoon	USA	NA	Rabies_lyssavirus
NY.2004.1705	MG562536	NA	2004-XX-XX	Raccoon	USA	NA	Rabies_lyssavirus
NY.2004.1974	MF143301	NA	2004-06-03	Raccoon	USA	NA	Rabies_lyssavirus
NY.2004.2620	MG562537	NA	2004-XX-XX	Raccoon	USA	NA	Rabies_lyssavirus
NY.2004.2753	MF143257	NA	2004-06-30	Raccoon	USA	NA	Rabies_lyssavirus
NY.2004.4138	MG562538	NA	2004-XX-XX	Raccoon	USA	NA	Rabies_lyssavirus
NY.2004.4289	MF143302	NA	2004-08-04	Raccoon	USA	NA	Rabies_lyssavirus
NY.2004.4875	MF143303	NA	2004-08-13	Raccoon	USA	NA	Rabies_lyssavirus
NY.2004.5301	MF143304	NA	2004-08-18	Raccoon	USA	NA	Rabies_lyssavirus
NY.2004.5339	MG562539	NA	2004-XX-XX	Raccoon	USA	NA	Rabies_lyssavirus
NY.2004.6383	MG562540	NA	2004-XX-XX	Skunk	USA	NA	Rabies_lyssavirus
NY.2004.6937	MG562541	NA	2004-XX-XX	Skunk	USA	NA	Rabies_lyssavirus
NY.2004.6938	MF143305	NA	2004-09-17	Skunk	USA	NA	Rabies_lyssavirus
NY.2004.7916	MF143306	NA	2004-11-16	Skunk	USA	NA	Rabies_lyssavirus
NY.2004.7972	MF143307	NA	2004-11-18	Skunk	USA	NA	Rabies_lyssavirus
NY.2004.8025	MF143258	NA	2004-11-23	Raccoon	USA	NA	Rabies_lyssavirus
NY.2004.8403	MG562542	NA	2004-XX-XX	Raccoon	USA	NA	Rabies_lyssavirus
NY.2010.0729	MG562543	NA	2010-XX-XX	Raccoon	USA	NA	Rabies_lyssavirus
NY.2010.0775	MG562544	NA	2010-XX-XX	Raccoon	USA	NA	Rabies_lyssavirus
NY.2010.1066	MF143308	NA	2010-04-08	Skunk	USA	NA	Rabies_lyssavirus
NY.2010.1098	MG562545	NA	2010-XX-XX	Skunk	USA	NA	Rabies_lyssavirus
NY.2010.1178	MF143309	NA	2010-04-20	Raccoon	USA	NA	Rabies_lyssavirus
NY.2010.1233	MF143310	NA	2010-12-10	Raccoon	USA	NA	Rabies_lyssavirus
NY.2010.1234	MF143311	NA	2010-04-23	Skunk	USA	NA	Rabies_lyssavirus
NY.2010.1349	MF143312	NA	2010-05-04	Raccoon	USA	NA	Rabies_lyssavirus
NY.2010.1444	MF143313	NA	2010-05-11	Raccoon	USA	NA	Rabies_lyssavirus
NY.2010.1962	MF143314	NA	2010-06-02	Raccoon	USA	NA	Rabies_lyssavirus
NY.2010.1986	MF143315	NA	2010-06-02	Raccoon	USA	NA	Rabies_lyssavirus
NY.2010.2167	MF143316	NA	2010-06-09	Raccoon	USA	NA	Rabies_lyssavirus
NY.2010.2369	MF143317	NA	2010-06-18	Skunk	USA	NA	Rabies_lyssavirus
NY.2010.2456	MF143318	NA	2014-06-23	Raccoon	USA	NA	Rabies_lyssavirus
NY.2010.3956	MF143319	NA	2010-08-05	Skunk	USA	NA	Rabies_lyssavirus
NY.2010.5433	MG562546	NA	2010-XX-XX	Raccoon	USA	NA	Rabies_lyssavirus
NY.2010.5558	MF143320	NA	2010-09-21	Raccoon	USA	NA	Rabies_lyssavirus
NY.2010.5667	MF143321	NA	2010-09-29	Skunk	USA	NA	Rabies_lyssavirus
NY.2010.5742	MF143322	NA	2010-10-06	Raccoon	USA	NA	Rabies_lyssavirus
NY.2010.5965	MF143323	NA	2010-10-26	Skunk	USA	NA	Rabies_lyssavirus
NY.2011.0005	MG562547	NA	2011-XX-XX	Skunk	USA	NA	Rabies_lyssavirus
NY.2011.0007	MG562548	NA	2011-XX-XX	Raccoon	USA	NA	Rabies_lyssavirus
NY.2011.0042	MG562549	NA	2011-XX-XX	Raccoon	USA	NA	Rabies_lyssavirus
NY.2011.0560	MG562550	NA	2011-XX-XX	Raccoon	USA	NA	Rabies_lyssavirus
NY.2011.0714	MG562551	NA	2011-XX-XX	Fox	USA	NA	Rabies_lyssavirus
NY.2011.0862	MF143324	NA	2011-04-05	Raccoon	USA	NA	Rabies_lyssavirus
NY.2011.1089	MF143325	NA	2011-04-26	Raccoon	USA	NA	Rabies_lyssavirus
NY.2011.1343	MG562552	NA	2011-XX-XX	Fox	USA	NA	Rabies_lyssavirus
NY.2011.2001	MG562553	NA	2011-XX-XX	Raccoon	USA	NA	Rabies_lyssavirus
NY.2011.2028	MF143326	NA	2011-06-16	Raccoon	USA	NA	Rabies_lyssavirus
NY.2011.2880	MF143327	NA	2011-07-22	Cat	USA	NA	Rabies_lyssavirus
NY.2011.4095	MG562554	NA	2011-XX-XX	Skunk	USA	NA	Rabies_lyssavirus
NY.2011.4498	MF143328	NA	2011-08-19	Raccoon	USA	NA	Rabies_lyssavirus
NY.2011.5028	MF143329	NA	2011-09-02	Raccoon	USA	NA	Rabies_lyssavirus
NY.2011.5139	MF143330	NA	2011-09-08	Skunk	USA	NA	Rabies_lyssavirus
NY.2011.5196	MF143331	NA	2011-09-13	Skunk	USA	NA	Rabies_lyssavirus
NY.2011.5335	MF143332	NA	2011-09-21	Skunk	USA	NA	Rabies_lyssavirus
NY.2011.5545	MF143333	NA	2011-10-06	Cat	USA	NA	Rabies_lyssavirus
NY.2011.5590	MF143334	NA	2011-10-07	Skunk	USA	NA	Rabies_lyssavirus
NY.2011.5763	MF143335	NA	2011-10-21	Fox	USA	NA	Rabies_lyssavirus
Ni_CE	AB128149	NA	XXXX-XX-XX	Unknown	NA	NA	Rabies_lyssavirus
Nishigahara	AB044824	NA	XXXX-XX-XX	Unknown	NA	NA	Rabies_lyssavirus
ON.2015.1361	MF143255	NA	2015-12-04	Raccoon	Canada	NA	Rabies_lyssavirus
OR05455	JQ685948	NA	2010-XX-XX	Fox	USA	NA	Rabies_lyssavirus
OR05506	JQ685918	NA	2010-XX-XX	Fox	USA	NA	Rabies_lyssavirus
OR58	JQ685977	NA	2010-XX-XX	Fox	USA	NA	Rabies_lyssavirus
OR703	JQ685914	NA	2010-XX-XX	Fox	USA	NA	Rabies_lyssavirus
OR704	JQ685924	NA	2010-XX-XX	Fox	USA	NA	Rabies_lyssavirus
OR8767	JQ685957	NA	2009-XX-XX	Fox	USA	NA	Rabies_lyssavirus
PM1503	DQ099525	NA	XXXX-XX-XX	Unknown	NA	NA	Rabies_lyssavirus
PO_01_2014_Primorye	KP997032	NA	2014-XX-XX	Bear	Russia	NA	Rabies_lyssavirus
PV_2061	JX276550	NA	XXXX-XX-XX	Unknown	China	NA	Rabies_lyssavirus
Pk_23	HE802675	NA	2010-XX-XX	Cattle	Pakistan	1	Rabies_lyssavirus
Pk_24	HE802676	NA	2007-XX-XX	Cattle	Pakistan	1	Rabies_lyssavirus
QC.2006.2049	MF143341	NA	2006-06-02	Raccoon	Canada	NA	Rabies_lyssavirus
QC.2006.4930	MF143342	NA	2006-09-06	Raccoon	Canada	NA	Rabies_lyssavirus
QC.2006.5982	MF143343	NA	2006-11-15	Raccoon	Canada	NA	Rabies_lyssavirus
QC.2007.0909	MF143259	NA	2007-08-01	Raccoon	Canada	NA	Rabies_lyssavirus
QC.2007.0910	MF143344	NA	2007-08-02	Raccoon	Canada	NA	Rabies_lyssavirus
QC.2007.1065	MF143345	NA	2007-08-29	Raccoon	Canada	NA	Rabies_lyssavirus
QC.2007.1122	MF143346	NA	2007-08-30	Raccoon	Canada	NA	Rabies_lyssavirus
QC.2007.2234	MF143260	NA	2007-05-11	Raccoon	Canada	NA	Rabies_lyssavirus
QC.2007.2783	MF143261	NA	2007-06-11	Raccoon	Canada	NA	Rabies_lyssavirus
QC.2007.2892	MF143347	NA	2007-06-13	Raccoon	Canada	NA	Rabies_lyssavirus
QC.2007.2893	MF143348	NA	2007-06-13	Raccoon	Canada	NA	Rabies_lyssavirus
QC.2007.2937	MF143262	NA	2007-06-13	Raccoon	Canada	NA	Rabies_lyssavirus
QC.2007.2939	MF143349	NA	2007-06-13	Raccoon	Canada	NA	Rabies_lyssavirus
QC.2007.2941	MF143350	NA	2007-06-13	Raccoon	Canada	NA	Rabies_lyssavirus
QC.2007.2942	MF143351	NA	2007-06-13	Raccoon	Canada	NA	Rabies_lyssavirus
QC.2007.2975	MF143263	NA	2007-06-14	Raccoon	Canada	NA	Rabies_lyssavirus
QC.2007.2986	MF143264	NA	2007-06-16	Raccoon	Canada	NA	Rabies_lyssavirus
QC.2007.3122	MF143265	NA	2007-06-21	Raccoon	Canada	NA	Rabies_lyssavirus
QC.2007.3211	MF143266	NA	2007-06-29	Raccoon	Canada	NA	Rabies_lyssavirus
QC.2007.3246	MF143352	NA	2007-07-03	Raccoon	Canada	NA	Rabies_lyssavirus
QC.2007.3657	MF143353	NA	2007-07-05	Raccoon	Canada	NA	Rabies_lyssavirus
QC.2007.3658	MF143267	NA	2007-07-14	Raccoon	Canada	NA	Rabies_lyssavirus
QC.2007.3659	MF143268	NA	2007-07-15	Raccoon	Canada	NA	Rabies_lyssavirus
QC.2007.3870	MF143269	NA	2007-07-19	Raccoon	Canada	NA	Rabies_lyssavirus
QC.2007.4485	MF143270	NA	2007-08-03	Raccoon	Canada	NA	Rabies_lyssavirus
QC.2007.5318	MF143354	NA	2007-08-23	Raccoon	Canada	NA	Rabies_lyssavirus
QC.2007.5827	MF143355	NA	2007-09-21	Raccoon	Canada	NA	Rabies_lyssavirus
QC.2007.6184	MF143356	NA	2007-10-11	Raccoon	Canada	NA	Rabies_lyssavirus
QC.2007.6234	MF143271	NA	2007-10-12	Skunk	Canada	NA	Rabies_lyssavirus
QC.2007.6292	MF143357	NA	2007-11-01	Raccoon	Canada	NA	Rabies_lyssavirus
QC.2007.6389	MF143358	NA	2007-11-01	Skunk	Canada	NA	Rabies_lyssavirus
QC.2007.6390	MF143256	NA	2007-10-20	Raccoon	Canada	NA	Rabies_lyssavirus
QC.2007.6442	MF143359	NA	2007-11-15	Fox	Canada	NA	Rabies_lyssavirus
QC.2007.6659	MF143360	NA	2007-11-19	Raccoon	Canada	NA	Rabies_lyssavirus
QC.2008.0750	MF143272	NA	2008-03-04	Raccoon	Canada	NA	Rabies_lyssavirus
QC.2008.1096	MF143361	NA	2008-03-17	Raccoon	Canada	NA	Rabies_lyssavirus
QC.2008.1237	MF143362	NA	2008-03-21	Raccoon	Canada	NA	Rabies_lyssavirus
QC.2008.1411	MF143363	NA	2008-04-15	Raccoon	Canada	NA	Rabies_lyssavirus
QC.2008.1846	MF143273	NA	2008-05-07	Raccoon	Canada	NA	Rabies_lyssavirus
QC.2008.1848	MF143274	NA	2008-05-08	Raccoon	Canada	NA	Rabies_lyssavirus
QC.2008.1894	MF143365	NA	2008-05-13	Raccoon	Canada	NA	Rabies_lyssavirus
QC.2008.1970	MF143364	NA	2008-05-13	Raccoon	Canada	NA	Rabies_lyssavirus
QC.2008.2444	MF143366	NA	2008-06-16	Raccoon	Canada	NA	Rabies_lyssavirus
QC.2008.4180	MF143367	NA	2008-07-31	Skunk	Canada	NA	Rabies_lyssavirus
QC.2008.4262	MF143368	NA	2008-08-25	Raccoon	Canada	NA	Rabies_lyssavirus
QC.2008.4808	MF143369	NA	2008-09-03	Raccoon	Canada	NA	Rabies_lyssavirus
QC.2008.5000	MF143370	NA	2008-09-17	Raccoon	Canada	NA	Rabies_lyssavirus
QC.2008.5001	MF143371	NA	2008-09-20	Raccoon	Canada	NA	Rabies_lyssavirus
QC.2008.5337	MF143275	NA	2008-10-15	Skunk	Canada	NA	Rabies_lyssavirus
QC.2009.0709	MF143276	NA	2009-02-26	Skunk	Canada	NA	Rabies_lyssavirus
QC.2009.0819	MF143372	NA	2009-04-07	Skunk	Canada	NA	Rabies_lyssavirus
QC.2015.0488	MF143277	NA	2015-06-04	Raccoon	Canada	NA	Rabies_lyssavirus
QS_05	JN786877	NA	XXXX-XX-XX	Unknown	Thailand	NA	Rabies_lyssavirus
QS_BHK_P7	JN786878	NA	XXXX-XX-XX	Unknown	Thailand	NA	Rabies_lyssavirus
R2012_26	KF620487	NA	2012-05-XX	Badger	Taiwan	NA	Rabies_lyssavirus
R2012_88	KF620488	NA	2012-11-XX	Badger	Taiwan	NA	Rabies_lyssavirus
R2013_01	KF620489	NA	2013-01-XX	Badger	Taiwan	NA	Rabies_lyssavirus
RAC	JQ685901	NA	2003-XX-XX	Raccoon	USA	NA	Rabies_lyssavirus
RB/E3_15	EU182346	NA	XXXX-XX-XX	Unknown	NA	NA	Rabies_lyssavirus
RC_HL	AB009663	NA	XXXX-XX-XX	Unknown	NA	NA	Rabies_lyssavirus
ROM/2015/brain	LT993245	NA	XXXX-XX-XX	Unknown	NA	NA	Rabies_lyssavirus
RRV_ON_99_2	EU311738	NA	1999-XX-XX	Raccoon	Canada	NA	Rabies_lyssavirus
RUS_FJL_2016_VL	KX954123	NA	2016-XX-XX	Fox	Russia	NA	Rabies_lyssavirus
RV1009	MG458308	NA	2000-XX-XX	Mongoose	South_Africa	NA	Rabies_lyssavirus
RV108	MG458305	NA	XXXX-XX-XX	Bat	Chile	NA	Rabies_lyssavirus
RV1142	KY860609	NA	2001-XX-XX	Dog	Turkey	NA	Rabies_lyssavirus
RV1144	KY860605	NA	2001-XX-XX	Fox	Turkey	NA	Rabies_lyssavirus
RV1145	KY860604	NA	2000-XX-XX	Fox	Turkey	NA	Rabies_lyssavirus
RV1185	MG458309	NA	1978-XX-XX	Dog	Serbia	NA	Rabies_lyssavirus
RV1189	MG458310	NA	1986-XX-XX	Cattle	Serbia	NA	Rabies_lyssavirus
RV1196	MG458311	NA	1998-XX-XX	Fox	Serbia	NA	Rabies_lyssavirus
RV1219	MG458312	NA	1997-XX-XX	Fox	Serbia	NA	Rabies_lyssavirus
RV1336	MG458313	NA	1996-XX-XX	Fox	Russia	NA	Rabies_lyssavirus
RV1391_GRL_1_F_1990	KX036361	NA	1990-03-01	Fox	Greenland	NA	Rabies_lyssavirus
RV1416_GRL_5_AF_2002	KX036363	NA	2002-01-01	Fox	Greenland	NA	Rabies_lyssavirus
RV1417_GRL_3_AF_2002	KX036364	NA	2002-01-01	Fox	Greenland	NA	Rabies_lyssavirus
RV1418_GRL_4_AF_2002	KX036365	NA	2002-01-01	Fox	Greenland	NA	Rabies_lyssavirus
RV1419_GRL_3_AF_2002	KX036366	NA	2002-10-01	Fox	Greenland	NA	Rabies_lyssavirus
RV1420_GRL_4_AF_2002	KX036367	NA	2002-10-01	Fox	Greenland	NA	Rabies_lyssavirus
RV1789	MG458314	NA	1997-XX-XX	Cattle	NA	NA	Rabies_lyssavirus
RV201	KY860612	NA	1989-XX-XX	Dog	Turkey	NA	Rabies_lyssavirus
RV2321	MG458315	NA	1998-XX-XX	Dog	Egypt	NA	Rabies_lyssavirus
RV2322	MG458316	NA	1998-XX-XX	Dog	Egypt	NA	Rabies_lyssavirus
RV2323	MG458317	NA	1999-XX-XX	Dog	Egypt	NA	Rabies_lyssavirus
RV2324	KF154998	NA	1950-XX-XX	Dog	Israel	NA	Rabies_lyssavirus
RV2417	KF154999	NA	2008-XX-XX	Dog	United_Kingdom	NA	Rabies_lyssavirus
RV2481	MG458318	NA	2008-XX-XX	Human	South_Africa	NA	Rabies_lyssavirus
RV2490	KR534217	NA	2008-XX-XX	Dog	Tanzania	NA	Rabies_lyssavirus
RV2491	KR534218	NA	2008-XX-XX	Dog	Tanzania	NA	Rabies_lyssavirus
RV2492	KR534219	NA	2007-XX-XX	Dog	Tanzania	NA	Rabies_lyssavirus
RV2493	KR534220	NA	2008-XX-XX	Dog	Tanzania	NA	Rabies_lyssavirus
RV2495.1	KR906734	NA	2008-07-12	Dog	Tanzania	NA	Rabies_lyssavirus
RV2497	KY210223	NA	2007-06-22	Dog	Tanzania	NA	Rabies_lyssavirus
RV2498.1	KR906735	NA	2008-08-06	Dog	Tanzania	NA	Rabies_lyssavirus
RV2499.1	KR906736	NA	2008-08-05	Dog	Tanzania	NA	Rabies_lyssavirus
RV2500.1	KR906737	NA	2008-11-23	Dog	Tanzania	NA	Rabies_lyssavirus
RV2501.1	KR906738	NA	2004-02-14	Cattle	Tanzania	NA	Rabies_lyssavirus
RV2502.1	KR906739	NA	2004-04-18	Dog	Tanzania	NA	Rabies_lyssavirus
RV2503.1	KR906740	NA	2009-02-15	Wild_Cat	Tanzania	NA	Rabies_lyssavirus
RV2504.1	KR906741	NA	2003-06-18	Dog	Tanzania	NA	Rabies_lyssavirus
RV2516	KF155000	NA	2010-XX-XX	Cattle	Iraq	NA	Rabies_lyssavirus
RV2627	KF155001	NA	2009-XX-XX	Cattle	Morocco	NA	Rabies_lyssavirus
RV2767.1	KR906742	NA	2009-09-12	Dog	Tanzania	NA	Rabies_lyssavirus
RV2770.1	KR906743	NA	2010-05-03	Dog	Tanzania	NA	Rabies_lyssavirus
RV2771.1	KR906744	NA	2010-05-27	Dog	Tanzania	NA	Rabies_lyssavirus
RV2772	KF155002	NA	2010-XX-XX	Dog	Tanzania	NA	Rabies_lyssavirus
RV2773.1	KR906745	NA	2010-10-26	Dog	Tanzania	NA	Rabies_lyssavirus
RV2774.1	KR906746	NA	2010-11-02	Dog	Tanzania	NA	Rabies_lyssavirus
RV2775.1	KR906747	NA	2010-11-26	Dog	Tanzania	NA	Rabies_lyssavirus
RV2776.1	KR906748	NA	2010-12-29	Dog	Tanzania	NA	Rabies_lyssavirus
RV2777.1	KR906749	NA	2010-12-24	Dog	Tanzania	NA	Rabies_lyssavirus
RV2778.1	KR906750	NA	2010-12-26	Dog	Tanzania	NA	Rabies_lyssavirus
RV2780.1	KR906751	NA	2011-02-07	Dog	Tanzania	NA	Rabies_lyssavirus
RV2782.1	KR906752	NA	2011-02-11	Dog	Tanzania	NA	Rabies_lyssavirus
RV2783.1	KR906753	NA	2011-02-28	Cattle	Tanzania	NA	Rabies_lyssavirus
RV2784.1	KR906754	NA	2011-02-28	Dog	Tanzania	NA	Rabies_lyssavirus
RV2792	KR534232	NA	2011-XX-XX	Jackal	Tanzania	NA	Rabies_lyssavirus
RV2793.1	KR906755	NA	2011-01-02	Dog	Tanzania	NA	Rabies_lyssavirus
RV2794	KR534233	NA	2011-XX-XX	Dog	Tanzania	NA	Rabies_lyssavirus
RV2795	KR534234	NA	2011-XX-XX	Cattle	Tanzania	NA	Rabies_lyssavirus
RV2796	KR534235	NA	2011-XX-XX	Cattle	Tanzania	NA	Rabies_lyssavirus
RV2797	KR534236	NA	2011-XX-XX	Cattle	Tanzania	NA	Rabies_lyssavirus
RV2798	KR534237	NA	2011-XX-XX	Cattle	Tanzania	NA	Rabies_lyssavirus
RV2799.1	KR906756	NA	2011-01-29	Dog	Tanzania	NA	Rabies_lyssavirus
RV2807.1	KR906757	NA	2010-10-03	Dog	Tanzania	NA	Rabies_lyssavirus
RV2809.1	KR906759	NA	2010-04-16	Dog	Tanzania	NA	Rabies_lyssavirus
RV2810.1	KR906760	NA	2010-04-23	Dog	Tanzania	NA	Rabies_lyssavirus
RV2813.1	KR906762	NA	2010-04-28	Dog	Tanzania	NA	Rabies_lyssavirus
RV2814.1	KR906763	NA	2010-05-17	Dog	Tanzania	NA	Rabies_lyssavirus
RV2815.1	KR906764	NA	2010-09-27	Goat	Tanzania	NA	Rabies_lyssavirus
RV2816.1	KR906765	NA	2010-09-28	Dog	Tanzania	NA	Rabies_lyssavirus
RV2817.1	KR906766	NA	2010-11-26	Dog	Tanzania	NA	Rabies_lyssavirus
RV2854	MG458319	NA	2012-XX-XX	Mongoose	Grenada	NA	Rabies_lyssavirus
RV2861.1	KR906767	NA	2011-05-11	Dog	Tanzania	NA	Rabies_lyssavirus
RV2862.1	KR906768	NA	2011-05-11	Dog	Tanzania	NA	Rabies_lyssavirus
RV2871.1	KR906769	NA	2011-06-17	Dog	Tanzania	NA	Rabies_lyssavirus
RV2875.1	KR906770	NA	2011-06-29	Dog	Tanzania	NA	Rabies_lyssavirus
RV2889	KR534244	NA	2011-XX-XX	Dog	Tanzania	NA	Rabies_lyssavirus
RV2890	KR534245	NA	2011-XX-XX	Cattle	Tanzania	NA	Rabies_lyssavirus
RV2891	KR534246	NA	2011-XX-XX	Civet	Tanzania	NA	Rabies_lyssavirus
RV2892	KR534247	NA	2011-XX-XX	Dog	Tanzania	NA	Rabies_lyssavirus
RV2893	KR534248	NA	2011-XX-XX	Cattle	Tanzania	NA	Rabies_lyssavirus
RV2894.1	KR906771	NA	2011-08-15	Dog	Tanzania	NA	Rabies_lyssavirus
RV2896.1	KR906772	NA	2011-08-19	Dog	Tanzania	NA	Rabies_lyssavirus
RV2897	KR534250	NA	2011-XX-XX	Dog	Tanzania	NA	Rabies_lyssavirus
RV2898	KR534251	NA	2011-XX-XX	Dog	Tanzania	NA	Rabies_lyssavirus
RV2899	KR534252	NA	2011-XX-XX	Dog	Tanzania	NA	Rabies_lyssavirus
RV2900.1	KR906773	NA	2011-09-27	Dog	Tanzania	NA	Rabies_lyssavirus
RV2901.1	KR906774	NA	2011-09-22	Dog	Tanzania	NA	Rabies_lyssavirus
RV2902.1	KR906775	NA	2011-09-24	Unknown	Tanzania	NA	Rabies_lyssavirus
RV2906	KR534254	NA	2011-XX-XX	Cat	Tanzania	NA	Rabies_lyssavirus
RV2907.1	KR906776	NA	2011-10-16	Dog	Tanzania	NA	Rabies_lyssavirus
RV2924	MG458320	NA	2012-XX-XX	Human	Nepal	NA	Rabies_lyssavirus
RV2975	KY860583	NA	1999-XX-XX	Dog	Turkey	NA	Rabies_lyssavirus
RV2976	KY860588	NA	2004-XX-XX	Fox	Turkey	NA	Rabies_lyssavirus
RV2977	KY860589	NA	2006-XX-XX	Fox	Turkey	NA	Rabies_lyssavirus
RV2979	KY860591	NA	2008-XX-XX	Fox	Turkey	NA	Rabies_lyssavirus
RV2980	KY860592	NA	2009-XX-XX	Fox	Turkey	NA	Rabies_lyssavirus
RV2981	KY860593	NA	2010-XX-XX	Fox	Turkey	NA	Rabies_lyssavirus
RV2982	KY860594	NA	2012-XX-XX	Fox	Turkey	NA	Rabies_lyssavirus
RV2983	KY860595	NA	2012-XX-XX	Fox	Turkey	NA	Rabies_lyssavirus
RV2984	KY860590	NA	2007-XX-XX	Fox	Turkey	NA	Rabies_lyssavirus
RV2985	KP723638	NA	2014-07-11	Dog	Ethiopia	NA	Rabies_lyssavirus
RV303	KY860613	NA	1989-XX-XX	Raccoon	Russia	NA	Rabies_lyssavirus
RV3091.1	KR906777	NA	2011-12-05	Unknown	Tanzania	NA	Rabies_lyssavirus
RV3093.1	KR906778	NA	2011-12-22	Unknown	Tanzania	NA	Rabies_lyssavirus
RV3100.1	KR906779	NA	2012-02-19	Cattle	Tanzania	NA	Rabies_lyssavirus
RV3104.1	KR906780	NA	2011-12-22	Dog	Tanzania	NA	Rabies_lyssavirus
RV3107.1	KR906781	NA	2012-04-09	Unknown	Tanzania	NA	Rabies_lyssavirus
RV3111.1	KR906782	NA	2012-04-29	Dog	Tanzania	NA	Rabies_lyssavirus
RV3117.1	KR906783	NA	2012-05-12	Dog	Tanzania	NA	Rabies_lyssavirus
RV3123.1	KR906792	NA	2012-04-26	Dog	Tanzania	NA	Rabies_lyssavirus
RV3125.1	KR906784	NA	2012-06-06	Dog	Tanzania	NA	Rabies_lyssavirus
RV3127.1	KR906785	NA	2012-06-11	Unknown	Tanzania	NA	Rabies_lyssavirus
RV3128.1	KR906786	NA	2012-06-16	Swine	Tanzania	NA	Rabies_lyssavirus
RV3131.1	KR906787	NA	2012-07-07	Cattle	Tanzania	NA	Rabies_lyssavirus
RV3132.1	KR906788	NA	2012-04-02	Cattle	Tanzania	NA	Rabies_lyssavirus
RV3133.1	KR906789	NA	2012-07-04	Dog	Tanzania	NA	Rabies_lyssavirus
RV3140.1	KR906790	NA	2012-07-27	Dog	Tanzania	NA	Rabies_lyssavirus
RV3149.1	KR906791	NA	2012-01-23	Dog	Tanzania	NA	Rabies_lyssavirus
RV3160	KY860601	NA	2014-XX-XX	Fox	Turkey	NA	Rabies_lyssavirus
RV3161	KY860602	NA	2014-XX-XX	Dog	Turkey	NA	Rabies_lyssavirus
RV3162	KY860596	NA	2014-XX-XX	Fox	Turkey	NA	Rabies_lyssavirus
RV3163	KY860597	NA	2014-XX-XX	Dog	Turkey	NA	Rabies_lyssavirus
RV3166	KY860603	NA	2015-XX-XX	Fox	Turkey	NA	Rabies_lyssavirus
RV50	MG458304	NA	1975-XX-XX	Bat	USA	NA	Rabies_lyssavirus
RV61	KF154996	NA	1987-XX-XX	Human	United_Kingdom	NA	Rabies_lyssavirus
RV860	MG458306	NA	XXXX-XX-XX	Fox	Czech_Republic	NA	Rabies_lyssavirus
RV995	MG458307	NA	2000-XX-XX	Cat	South_Africa	NA	Rabies_lyssavirus
RV_97	EF542830	NA	XXXX-XX-XX	Unknown	Russia	NA	Rabies_lyssavirus
Rb/E3_15_5	EU182347	NA	XXXX-XX-XX	Unknown	NA	NA	Rabies_lyssavirus
Rus_Astrakhan__8329H_2003	KT728348	NA	2003-XX-XX	Human	Russia	NA	Rabies_lyssavirus
Rus_Astrakhan__8330H_2003	KT728349	NA	2003-XX-XX	Human	Russia	NA	Rabies_lyssavirus
Rus_Lipetsk_8052f_2011	KC595280	NA	2011-XX-XX	Fox	Russia	NA	Rabies_lyssavirus
Rus_Lipetsk_8053c_2011	KC595281	NA	2011-XX-XX	Cat	Russia	NA	Rabies_lyssavirus
Rus_Lipetsk_8054f_2011	KC595282	NA	2011-XX-XX	Fox	Russia	NA	Rabies_lyssavirus
Rus_Lipetsk_8057f_2011	KC595283	NA	2011-XX-XX	Fox	Russia	NA	Rabies_lyssavirus
Rv1124	KY860584	NA	1999-XX-XX	Fox	Turkey	NA	Rabies_lyssavirus
Rv1126	KY860585	NA	2001-XX-XX	Fox	Turkey	NA	Rabies_lyssavirus
Rv1127	KY860586	NA	2001-XX-XX	Fox	Turkey	NA	Rabies_lyssavirus
Rv1128	KY860587	NA	2001-XX-XX	Fox	Turkey	NA	Rabies_lyssavirus
Rv1129	KY860606	NA	2001-XX-XX	Fox	Turkey	NA	Rabies_lyssavirus
Rv1133	KY860610	NA	2001-XX-XX	Dog	Turkey	NA	Rabies_lyssavirus
Rv1134	KY860611	NA	2001-XX-XX	Dog	Turkey	NA	Rabies_lyssavirus
Rv1136	KY860607	NA	2001-XX-XX	Dog	Turkey	NA	Rabies_lyssavirus
Rv1137	KY860608	NA	2001-XX-XX	Dog	Turkey	NA	Rabies_lyssavirus
Rv437	KF154997	NA	XXXX-XX-XX	Raccoon	Estonia	NA	Rabies_lyssavirus
SAD	EU886636	NA	2006-XX-XX	Fox	Germany	NA	Rabies_lyssavirus
SAD1_3670_var_1	EF206717	NA	XXXX-XX-XX	Unknown	NA	NA	Rabies_lyssavirus
SAD1_3670_var_2	EF206718	NA	XXXX-XX-XX	Unknown	NA	NA	Rabies_lyssavirus
SAD_B19_10th	EU877071	NA	XXXX-XX-XX	Unknown	NA	NA	Rabies_lyssavirus
SAD_B19_1st	EU877069	NA	XXXX-XX-XX	Unknown	NA	NA	Rabies_lyssavirus
SAD_B19_4th	EU877067	NA	XXXX-XX-XX	Unknown	NA	NA	Rabies_lyssavirus
SAD_B19_5th	EU877070	NA	XXXX-XX-XX	Unknown	NA	NA	Rabies_lyssavirus
SAD_B19__Fuchsoral_	EF206709	NA	XXXX-XX-XX	Unknown	NA	NA	Rabies_lyssavirus
SAD_Bern__Lysvulpen_	EF206708	NA	XXXX-XX-XX	Unknown	NA	NA	Rabies_lyssavirus
SAD_Bern__Sanafox_	EF206720	NA	XXXX-XX-XX	Unknown	NA	NA	Rabies_lyssavirus
SAD_Bern_original_var_1	EF206710	NA	XXXX-XX-XX	Unknown	NA	NA	Rabies_lyssavirus
SAD_Bern_original_var_2	EF206711	NA	XXXX-XX-XX	Unknown	NA	NA	Rabies_lyssavirus
SAD_Bern_original_var_3	EF206712	NA	XXXX-XX-XX	Unknown	NA	NA	Rabies_lyssavirus
SAD_Bern_original_var_4	EF206713	NA	XXXX-XX-XX	Unknown	NA	NA	Rabies_lyssavirus
SAD_Bern_original_var_5	EF206714	NA	XXXX-XX-XX	Unknown	NA	NA	Rabies_lyssavirus
SAD_P5/88__Rabifox_	EF206715	NA	XXXX-XX-XX	Unknown	NA	NA	Rabies_lyssavirus
SAD_VA1__original_	EF206716	NA	XXXX-XX-XX	Unknown	NA	NA	Rabies_lyssavirus
SAG_2	EF206719	NA	XXXX-XX-XX	Unknown	NA	NA	Rabies_lyssavirus
SH06	GU345748	NA	2006-XX-XX	Dog	China	NA	Rabies_lyssavirus
SHBRV_18	AY705373	NA	XXXX-XX-XX	Unknown	NA	NA	Rabies_lyssavirus
SLOV/2012/cellculture1	LT993235	NA	XXXX-XX-XX	Unknown	NA	NA	Rabies_lyssavirus
SLOV/2012/cellculture2	LT993239	NA	XXXX-XX-XX	Unknown	NA	NA	Rabies_lyssavirus
SLOV/2014/brain	LT993236	NA	XXXX-XX-XX	Unknown	NA	NA	Rabies_lyssavirus
SM1545	JQ685941	NA	2005-XX-XX	Skunk	USA	NA	Rabies_lyssavirus
SM3844	JQ685974	NA	1995-XX-XX	Bat	USA	NA	Rabies_lyssavirus
SM3849	JQ685907	NA	1996-XX-XX	Bat	USA	NA	Rabies_lyssavirus
SM4862	JQ685946	NA	1999-XX-XX	Bat	USA	NA	Rabies_lyssavirus
SM4871	JQ685923	NA	1999-XX-XX	Bat	USA	NA	Rabies_lyssavirus
SM4872	JQ685960	NA	2001-XX-XX	Bat	USA	NA	Rabies_lyssavirus
SM5074	JQ685935	NA	2001-XX-XX	Skunk	USA	NA	Rabies_lyssavirus
SM5075	JQ685949	NA	2001-XX-XX	Skunk	USA	NA	Rabies_lyssavirus
SM5076	JQ685932	NA	2001-XX-XX	Skunk	USA	NA	Rabies_lyssavirus
SM5077	JQ685911	NA	2001-XX-XX	Skunk	USA	NA	Rabies_lyssavirus
SM5079	JQ685893	NA	2001-XX-XX	Skunk	USA	NA	Rabies_lyssavirus
SM5080	JQ685927	NA	2001-XX-XX	Skunk	USA	NA	Rabies_lyssavirus
SM5081	JQ685904	NA	2001-XX-XX	Skunk	USA	NA	Rabies_lyssavirus
SM5100	JQ685940	NA	2001-XX-XX	Skunk	USA	NA	Rabies_lyssavirus
SM5101	JQ685958	NA	2001-XX-XX	Skunk	USA	NA	Rabies_lyssavirus
SM5102	JQ685906	NA	2001-XX-XX	Skunk	USA	NA	Rabies_lyssavirus
SM5103	JQ685930	NA	2001-XX-XX	Skunk	USA	NA	Rabies_lyssavirus
SM5440	JQ685969	NA	2001-XX-XX	Skunk	USA	NA	Rabies_lyssavirus
SM5441	JQ685962	NA	2001-XX-XX	Skunk	USA	NA	Rabies_lyssavirus
SM5442	JQ685897	NA	2001-XX-XX	Bat	USA	NA	Rabies_lyssavirus
SM5451	JQ685959	NA	2001-XX-XX	Skunk	USA	NA	Rabies_lyssavirus
SM5470	JQ685966	NA	2001-XX-XX	Skunk	USA	NA	Rabies_lyssavirus
SM5596	JQ685964	NA	2004-XX-XX	Skunk	USA	NA	Rabies_lyssavirus
SM5950	JQ685933	NA	2004-XX-XX	Fox	USA	NA	Rabies_lyssavirus
SM6709	JQ685945	NA	2005-XX-XX	Cat	USA	NA	Rabies_lyssavirus
SRV9	AF499686	NA	XXXX-XX-XX	Unknown	NA	NA	Rabies_lyssavirus
SXBJ15	KR230089	NA	2015-01-23	Cattle	China	NA	Rabies_lyssavirus
SXYL15	KR230090	NA	2015-01-23	Cattle	China	NA	Rabies_lyssavirus
Shaanxi_HZ_6	KC977995	NA	2009-XX-XX	Dog	China	NA	Rabies_lyssavirus
TN186	JQ685922	NA	2005-XX-XX	Bat	USA	NA	Rabies_lyssavirus
TN209	JQ685902	NA	2005-XX-XX	Bat	USA	NA	Rabies_lyssavirus
TN310	JQ685947	NA	2004-XX-XX	Bat	USA	NA	Rabies_lyssavirus
TX4904	JQ685915	NA	2002-XX-XX	Bat	USA	NA	Rabies_lyssavirus
TX5960	JQ685910	NA	2002-XX-XX	Bat	USA	NA	Rabies_lyssavirus
Tajik_FTA	KY765901	NA	2012-07-09	Dog	Tajikistan	NA	Rabies_lyssavirus
UGbv13	LC029889	NA	2009-XX-XX	Cattle	Uganda	NA	Rabies_lyssavirus
UNKNOWN_AY956319	AY956319	NA	XXXX-XX-XX	Unknown	Germany	1	Rabies_lyssavirus
UNKNOWN_CS614408	CS614408	NA	XXXX-XX-XX	Unknown	NA	NA	Rabies_lyssavirus
UNKNOWN_DD161903	DD161903	NA	XXXX-XX-XX	Unknown	NA	NA	Rabies_lyssavirus
UNKNOWN_DD161904	DD161904	NA	XXXX-XX-XX	Unknown	NA	NA	Rabies_lyssavirus
UNKNOWN_DD161905	DD161905	NA	XXXX-XX-XX	Unknown	NA	NA	Rabies_lyssavirus
UNKNOWN_DD161906	DD161906	NA	XXXX-XX-XX	Unknown	NA	NA	Rabies_lyssavirus
UNKNOWN_DI035301	DI035301	NA	XXXX-XX-XX	Unknown	NA	NA	Rabies_lyssavirus
UNKNOWN_DI043469	DI043469	NA	XXXX-XX-XX	Unknown	NA	NA	Rabies_lyssavirus
UNKNOWN_DI046747	DI046747	NA	XXXX-XX-XX	Unknown	NA	NA	Rabies_lyssavirus
UNKNOWN_DI084725	DI084725	NA	XXXX-XX-XX	Unknown	NA	NA	Rabies_lyssavirus
UNKNOWN_FV537078	FV537078	NA	XXXX-XX-XX	Unknown	NA	NA	Rabies_lyssavirus
UNKNOWN_FV537079	FV537079	NA	XXXX-XX-XX	Unknown	NA	NA	Rabies_lyssavirus
UNKNOWN_FV537080	FV537080	NA	XXXX-XX-XX	Unknown	NA	NA	Rabies_lyssavirus
UNKNOWN_FV537081	FV537081	NA	XXXX-XX-XX	Unknown	NA	NA	Rabies_lyssavirus
UNKNOWN_M13215	M13215	NA	XXXX-XX-XX	Unknown	NA	NA	Rabies_lyssavirus
UNKNOWN_M31046	M31046	NA	XXXX-XX-XX	Unknown	NA	NA	Rabies_lyssavirus
UNKNOWN_NC_001542	NC_001542	NA	XXXX-XX-XX	Unknown	NA	NA	Rabies_lyssavirus
VA.2003.5213	MG562522	NA	2003-XX-XX	Raccoon	USA	NA	Rabies_lyssavirus
VT.2005.0142	MG562555	NA	2005-XX-XX	Raccoon	USA	NA	Rabies_lyssavirus
VT.2005.0167	MG562556	NA	2005-XX-XX	Raccoon	USA	NA	Rabies_lyssavirus
VT.2005.0212	MG562557	NA	2005-XX-XX	Raccoon	USA	NA	Rabies_lyssavirus
VT.2005.0214	MG562558	NA	2005-XX-XX	Skunk	USA	NA	Rabies_lyssavirus
VT.2005.0215	MF143373	NA	2005-12-29	Raccoon	USA	NA	Rabies_lyssavirus
VT.2005.0270	MG562559	NA	2005-XX-XX	Raccoon	USA	NA	Rabies_lyssavirus
VT.2005.0274	MG562560	NA	2005-XX-XX	Raccoon	USA	NA	Rabies_lyssavirus
VT.2005.0275	MG562561	NA	2005-XX-XX	Raccoon	USA	NA	Rabies_lyssavirus
VT.2005.0277	MG562562	NA	2005-XX-XX	Raccoon	USA	NA	Rabies_lyssavirus
VT.2005.0296	MG562563	NA	2005-XX-XX	Raccoon	USA	NA	Rabies_lyssavirus
VT.2006.0104	MF143374	NA	2006-08-29	Raccoon	USA	NA	Rabies_lyssavirus
VT.2006.0108	MF143375	NA	2006-08-30	Raccoon	USA	NA	Rabies_lyssavirus
VT.2006.0116	MF143278	NA	2006-09-05	Cattle	USA	NA	Rabies_lyssavirus
VT.2006.0117	MF143376	NA	2006-09-05	Skunk	USA	NA	Rabies_lyssavirus
VT.2006.0147	MG562564	NA	2006-XX-XX	Raccoon	USA	NA	Rabies_lyssavirus
VT.2006.0153	MF143377	NA	2006-10-04	Skunk	USA	NA	Rabies_lyssavirus
VT.2006.0161	MG562565	NA	2006-XX-XX	Raccoon	USA	NA	Rabies_lyssavirus
VT.2006.0166	MF143279	NA	2006-10-11	Raccoon	USA	NA	Rabies_lyssavirus
VT.2006.0173	MG562566	NA	2006-XX-XX	Raccoon	USA	NA	Rabies_lyssavirus
VT.2006.0178	MF143280	NA	2006-10-30	Skunk	USA	NA	Rabies_lyssavirus
VT.2006.0218	MG562567	NA	2006-XX-XX	Skunk	USA	NA	Rabies_lyssavirus
VT.2006.0245	MG562568	NA	2006-XX-XX	Raccoon	USA	NA	Rabies_lyssavirus
VT.2006.0263	MG562569	NA	2006-XX-XX	Raccoon	USA	NA	Rabies_lyssavirus
VT.2006.0287	MG562570	NA	2006-XX-XX	Raccoon	USA	NA	Rabies_lyssavirus
VT.2006.0288	MG562571	NA	2006-XX-XX	Cattle	USA	NA	Rabies_lyssavirus
VT.2006.0289	MG562572	NA	2006-XX-XX	Raccoon	USA	NA	Rabies_lyssavirus
VT.2006.0325	MG562573	NA	2006-XX-XX	Raccoon	USA	NA	Rabies_lyssavirus
VT.2006.0332	MF143281	NA	2006-05-23	Skunk	USA	NA	Rabies_lyssavirus
VT.2006.0366	MG562574	NA	2006-XX-XX	Rodent	USA	NA	Rabies_lyssavirus
VT.2007.0084	MF143378	NA	2007-07-20	Skunk	USA	NA	Rabies_lyssavirus
VT.2007.0092	MF143282	NA	2007-07-25	Raccoon	USA	NA	Rabies_lyssavirus
VT.2007.0294	MG562575	NA	2007-XX-XX	Horse	USA	NA	Rabies_lyssavirus
VT.2007.0297	MF143283	NA	2007-01-04	Raccoon	USA	NA	Rabies_lyssavirus
VT.2007.0308	MF143284	NA	2007-01-31	Raccoon	USA	NA	Rabies_lyssavirus
VT.2007.0320	MF143285	NA	2007-09-11	Skunk	USA	NA	Rabies_lyssavirus
VT.2007.0342	MF143379	NA	2007-03-02	Raccoon	USA	NA	Rabies_lyssavirus
VT.2007.0357	MG562576	NA	2007-XX-XX	Skunk	USA	NA	Rabies_lyssavirus
VT.2007.0380	MF143380	NA	2007-09-18	Raccoon	USA	NA	Rabies_lyssavirus
VT.2007.0392	MF143381	NA	2007-03-22	Raccoon	USA	NA	Rabies_lyssavirus
VT.2007.0398	MF143382	NA	2007-09-26	Skunk	USA	NA	Rabies_lyssavirus
VT.2007.0412	MF143286	NA	2007-03-30	Raccoon	USA	NA	Rabies_lyssavirus
VT.2007.0417	MG562577	NA	2007-XX-XX	Skunk	USA	NA	Rabies_lyssavirus
VT.2007.0465	MF143383	NA	2007-10-15	Skunk	USA	NA	Rabies_lyssavirus
VT.2007.0473	MG562578	NA	2007-XX-XX	Raccoon	USA	NA	Rabies_lyssavirus
VT.2007.0479	MF143384	NA	2007-10-30	Skunk	USA	NA	Rabies_lyssavirus
VT.2007.0489	MF143385	NA	2007-11-05	Raccoon	USA	NA	Rabies_lyssavirus
VT.2007.0491	MF143337	NA	2007-11-05	Skunk	USA	NA	Rabies_lyssavirus
VT.2007.0492	MF143287	NA	2007-04-25	Raccoon	USA	NA	Rabies_lyssavirus
VT.2007.0496	MF143386	NA	2007-04-25	Raccoon	USA	NA	Rabies_lyssavirus
VT.2007.0505	MF143387	NA	2007-04-30	Skunk	USA	NA	Rabies_lyssavirus
VT.2007.0506	MF143388	NA	2007-11-14	Skunk	USA	NA	Rabies_lyssavirus
VT.2007.0512	MF143389	NA	2007-11-20	Skunk	USA	NA	Rabies_lyssavirus
VT.2007.0520	MG562579	NA	2007-XX-XX	Skunk	USA	NA	Rabies_lyssavirus
VT.2007.0523	MF143390	NA	2007-12-10	Skunk	USA	NA	Rabies_lyssavirus
VT.2008.0041	MG562580	NA	2008-XX-XX	Raccoon	USA	NA	Rabies_lyssavirus
VT.2008.0111	MG562581	NA	2008-XX-XX	Raccoon	USA	NA	Rabies_lyssavirus
VT.2008.0170	MG562582	NA	2008-XX-XX	Skunk	USA	NA	Rabies_lyssavirus
VT.2008.0180	MG562583	NA	2008-XX-XX	Raccoon	USA	NA	Rabies_lyssavirus
VT.2008.0205	MG562584	NA	2008-XX-XX	Skunk	USA	NA	Rabies_lyssavirus
VT.2008.0233	MG562585	NA	2008-XX-XX	Skunk	USA	NA	Rabies_lyssavirus
VT.2008.0270	MF143288	NA	2008-11-06	Skunk	USA	NA	Rabies_lyssavirus
VT.2008.0275	MG562586	NA	2008-XX-XX	Skunk	USA	NA	Rabies_lyssavirus
VT.2008.0277	MG562587	NA	2008-XX-XX	Skunk	USA	NA	Rabies_lyssavirus
VT.2008.0283	MG562588	NA	2008-XX-XX	Skunk	USA	NA	Rabies_lyssavirus
VT.2008.0296	MG562589	NA	2008-XX-XX	Raccoon	USA	NA	Rabies_lyssavirus
VT.2008.0310	MF143391	NA	2008-12-29	Cattle	USA	NA	Rabies_lyssavirus
VT.2008.0536	MG562590	NA	2008-XX-XX	Raccoon	USA	NA	Rabies_lyssavirus
VT.2008.0704	MG562591	NA	2008-XX-XX	Raccoon	USA	NA	Rabies_lyssavirus
VT.2008.0764	MG562592	NA	2008-XX-XX	Raccoon	USA	NA	Rabies_lyssavirus
VT.2009.0023	MG562593	NA	2009-XX-XX	Skunk	USA	NA	Rabies_lyssavirus
VT.2009.0036	MF143392	NA	2009-07-20	Skunk	USA	NA	Rabies_lyssavirus
VT.2009.0092	MF143393	NA	2009-08-14	Raccoon	USA	NA	Rabies_lyssavirus
VT.2009.0093	MF143394	NA	2009-08-20	Skunk	USA	NA	Rabies_lyssavirus
VT.2009.0124	MF143395	NA	2009-10-04	Skunk	USA	NA	Rabies_lyssavirus
VT.2009.0134	MF143396	NA	2009-10-12	Skunk	USA	NA	Rabies_lyssavirus
VT.2009.0136	MF143397	NA	2009-10-19	Raccoon	USA	NA	Rabies_lyssavirus
VT.2009.0137	MG562594	NA	2009-XX-XX	Horse	USA	NA	Rabies_lyssavirus
VT.2009.0146	MF143398	NA	2009-10-19	Raccoon	USA	NA	Rabies_lyssavirus
VT.2009.0164	MF143399	NA	2009-11-05	Raccoon	USA	NA	Rabies_lyssavirus
VT.2009.0169	MF143400	NA	2009-11-01	Skunk	USA	NA	Rabies_lyssavirus
VT.2009.0191	MG562595	NA	2009-XX-XX	Raccoon	USA	NA	Rabies_lyssavirus
VT.2009.0194	MF143401	NA	2009-11-30	Raccoon	USA	NA	Rabies_lyssavirus
VT.2009.0322	MG562596	NA	2009-XX-XX	Fox	USA	NA	Rabies_lyssavirus
VT.2009.0335	MG562597	NA	2009-XX-XX	Raccoon	USA	NA	Rabies_lyssavirus
VT.2009.0346	MG562598	NA	2009-XX-XX	Raccoon	USA	NA	Rabies_lyssavirus
VT.2009.0352	MF143402	NA	2009-02-26	Raccoon	USA	NA	Rabies_lyssavirus
VT.2009.0353	MG562599	NA	2009-XX-XX	Raccoon	USA	NA	Rabies_lyssavirus
VT.2009.0361	MG562600	NA	2009-XX-XX	Raccoon	USA	NA	Rabies_lyssavirus
VT.2009.0370	MF143289	NA	2009-03-17	Raccoon	USA	NA	Rabies_lyssavirus
VT.2009.0371	MF143403	NA	2009-03-11	Cattle	USA	NA	Rabies_lyssavirus
VT.2009.0377	MG562601	NA	2009-XX-XX	Raccoon	USA	NA	Rabies_lyssavirus
VT.2009.0384	MG562602	NA	2009-XX-XX	Raccoon	USA	NA	Rabies_lyssavirus
VT.2009.0393	MG562603	NA	2009-XX-XX	Cattle	USA	NA	Rabies_lyssavirus
VT.2009.0397	MF143338	NA	2009-04-05	Cattle	USA	NA	Rabies_lyssavirus
VT.2009.0406	MG562604	NA	2009-XX-XX	Raccoon	USA	NA	Rabies_lyssavirus
VT.2009.0423	MF143404	NA	2009-04-17	Raccoon	USA	NA	Rabies_lyssavirus
VT.2009.0428	MF143405	NA	2009-04-17	Raccoon	USA	NA	Rabies_lyssavirus
VT.2009.0443	MF143406	NA	2009-05-12	Cattle	USA	NA	Rabies_lyssavirus
VT.2009.0475	MG562605	NA	2009-XX-XX	Skunk	USA	NA	Rabies_lyssavirus
VT.2009.0500	MG562606	NA	2009-XX-XX	Raccoon	USA	NA	Rabies_lyssavirus
VT.2010.0003	MG562607	NA	2010-XX-XX	Fox	USA	NA	Rabies_lyssavirus
VT.2010.0044	MF143407	NA	2010-07-29	Skunk	USA	NA	Rabies_lyssavirus
VT.2010.0054	MF143408	NA	2010-08-09	Raccoon	USA	NA	Rabies_lyssavirus
VT.2010.0070	MG562608	NA	2010-XX-XX	Skunk	USA	NA	Rabies_lyssavirus
VT.2010.0089	MF143409	NA	2010-08-20	Raccoon	USA	NA	Rabies_lyssavirus
VT.2010.0090	MF143410	NA	2010-08-23	Skunk	USA	NA	Rabies_lyssavirus
VT.2010.0093	MF143411	NA	2010-08-29	Skunk	USA	NA	Rabies_lyssavirus
VT.2010.0145	MF143412	NA	2010-10-14	Skunk	USA	NA	Rabies_lyssavirus
VT.2010.0172	MF143339	NA	2010-11-18	Skunk	USA	NA	Rabies_lyssavirus
VT.2010.0246	MG562609	NA	2010-XX-XX	Fox	USA	NA	Rabies_lyssavirus
VT.2010.0370	MF143413	NA	2010-06-18	Skunk	USA	NA	Rabies_lyssavirus
VT.2011.0079	MF143414	NA	2011-08-27	Skunk	USA	NA	Rabies_lyssavirus
VT.2011.0138	MF143340	NA	2011-11-04	Skunk	USA	NA	Rabies_lyssavirus
VT.2011.0145	MG562610	NA	2011-XX-XX	Skunk	USA	NA	Rabies_lyssavirus
VT.2011.0198	MF143415	NA	2011-01-08	Raccoon	USA	NA	Rabies_lyssavirus
WA0173	JQ685931	NA	2000-XX-XX	Bat	USA	NA	Rabies_lyssavirus
WA1185	JQ685895	NA	2003-XX-XX	Bat	USA	NA	Rabies_lyssavirus
WAEF03	JQ685925	NA	2004-XX-XX	Bat	USA	NA	Rabies_lyssavirus
WH11	JQ647510	NA	2011-09-17	Donkey	China	1	Rabies_lyssavirus
WQ14_RF	KM016899	NA	2014-XX-XX	Fox	China	NA	Rabies_lyssavirus
aG	GQ412744	NA	1931-XX-XX	Dog	China	1	Rabies_lyssavirus
rHEP5.0_CVSG	AB839170	NA	XXXX-XX-XX	Unknown	NA	NA	Rabies_lyssavirus
rHEP5.0_delG	AB839169	NA	XXXX-XX-XX	Unknown	NA	NA	Rabies_lyssavirus
raccoon	KY026483	NA	2011-10-23	Skunk	Canada	NA	Rabies_lyssavirus
rv2483	KY210220	NA	2008-09-28	Goat	Tanzania	NA	Rabies_lyssavirus
rv2485	KY210221	NA	2008-09-28	Goat	Tanzania	NA	Rabies_lyssavirus
rv2489	KY210222	NA	2009-01-17	Dog	Tanzania	NA	Rabies_lyssavirus
rv2786	KY210224	NA	2010-06-20	Dog	Tanzania	NA	Rabies_lyssavirus
rv2858	KY210225	NA	2011-02-21	Goat	Tanzania	NA	Rabies_lyssavirus
rv2859	KY210226	NA	2011-03-01	Dog	Tanzania	NA	Rabies_lyssavirus
rv2863	KY210227	NA	2011-04-19	Dog	Tanzania	NA	Rabies_lyssavirus
rv2866	KY210228	NA	2011-04-15	Goat	Tanzania	NA	Rabies_lyssavirus
rv2867	KY210229	NA	2011-05-22	Dog	Tanzania	NA	Rabies_lyssavirus
rv2868	KY210230	NA	2011-06-06	Cattle	Tanzania	NA	Rabies_lyssavirus
rv2870	KY210231	NA	2011-06-01	Dog	Tanzania	NA	Rabies_lyssavirus
rv2873	KY210232	NA	2011-06-20	Dog	Tanzania	NA	Rabies_lyssavirus
rv2877	KY210233	NA	2011-06-30	Goat	Tanzania	NA	Rabies_lyssavirus
rv2878	KY210234	NA	2011-07-03	Dog	Tanzania	NA	Rabies_lyssavirus
rv2879	KY210235	NA	2011-06-10	Dog	Tanzania	NA	Rabies_lyssavirus
rv2880	KY210236	NA	2011-07-02	Cattle	Tanzania	NA	Rabies_lyssavirus
rv2881	KY210237	NA	2011-07-07	Cattle	Tanzania	NA	Rabies_lyssavirus
rv2882	KY210238	NA	2011-07-23	Dog	Tanzania	NA	Rabies_lyssavirus
rv2883	KY210239	NA	2011-07-23	Dog	Tanzania	NA	Rabies_lyssavirus
rv2884	KY210240	NA	2011-07-21	Cattle	Tanzania	NA	Rabies_lyssavirus
rv2885	KY210241	NA	2011-07-24	Goat	Tanzania	NA	Rabies_lyssavirus
rv2886	KY210242	NA	2011-07-21	Goat	Tanzania	NA	Rabies_lyssavirus
rv2887	KY210243	NA	2011-07-25	Dog	Tanzania	NA	Rabies_lyssavirus
rv2888	KY210244	NA	2011-07-29	Dog	Tanzania	NA	Rabies_lyssavirus
rv3047	KY210245	NA	2012-08-10	Dog	Tanzania	NA	Rabies_lyssavirus
rv3048	KY210246	NA	2012-09-17	Sheep	Tanzania	NA	Rabies_lyssavirus
rv3049	KY210247	NA	2012-10-04	Dog	Tanzania	NA	Rabies_lyssavirus
rv3050	KY210248	NA	2012-09-02	Dog	Tanzania	NA	Rabies_lyssavirus
rv3051	KY210249	NA	2012-10-12	Dog	Tanzania	NA	Rabies_lyssavirus
rv3052	KY210250	NA	2012-11-13	Dog	Tanzania	NA	Rabies_lyssavirus
rv3053	KY210251	NA	2012-11-10	Dog	Tanzania	NA	Rabies_lyssavirus
rv3057	KY210252	NA	2012-12-08	Dog	Tanzania	NA	Rabies_lyssavirus
rv3058	KY210253	NA	2013-01-18	Dog	Tanzania	NA	Rabies_lyssavirus
rv3059	KY210254	NA	2013-01-11	Dog	Tanzania	NA	Rabies_lyssavirus
rv3060	KY210255	NA	2013-01-04	Dog	Tanzania	NA	Rabies_lyssavirus
rv3061	KY210256	NA	2013-01-08	Dog	Tanzania	NA	Rabies_lyssavirus
rv3063	KY210257	NA	2013-01-08	Dog	Tanzania	NA	Rabies_lyssavirus
rv3064	KY210258	NA	2013-01-02	Dog	Tanzania	NA	Rabies_lyssavirus
rv3066	KY210259	NA	2013-02-23	Cat	Tanzania	NA	Rabies_lyssavirus
rv3067	KY210260	NA	2013-02-25	Dog	Tanzania	NA	Rabies_lyssavirus
rv3068	KY210261	NA	2013-04-11	Goat	Tanzania	NA	Rabies_lyssavirus
rv3070	KY210262	NA	2013-02-27	Goat	Tanzania	NA	Rabies_lyssavirus
rv3071	KY210263	NA	2013-04-13	Dog	Tanzania	NA	Rabies_lyssavirus
rv3072	KY210264	NA	2013-04-10	Dog	Tanzania	NA	Rabies_lyssavirus
rv3073	KY210265	NA	2013-02-18	Dog	Tanzania	NA	Rabies_lyssavirus
rv3074	KY210266	NA	2013-02-01	Dog	Tanzania	NA	Rabies_lyssavirus
rv3075	KY210267	NA	2013-01-31	Dog	Tanzania	NA	Rabies_lyssavirus
rv3078	KY210268	NA	2013-05-26	Cattle	Tanzania	NA	Rabies_lyssavirus
rv3079	KY210269	NA	2013-07-18	Dog	Tanzania	NA	Rabies_lyssavirus
rv3080	KY210270	NA	2013-07-17	Dog	Tanzania	NA	Rabies_lyssavirus
rv3082	KY210271	NA	2013-09-03	Dog	Tanzania	NA	Rabies_lyssavirus
rv3084	KY210272	NA	2013-08-22	Dog	Tanzania	NA	Rabies_lyssavirus
rv3085	KY210273	NA	2013-09-06	Dog	Tanzania	NA	Rabies_lyssavirus
rv3086	KY210274	NA	2013-09-06	Cattle	Tanzania	NA	Rabies_lyssavirus
rv3087	KY210275	NA	2013-09-06	Cattle	Tanzania	NA	Rabies_lyssavirus
rv3088	KY210276	NA	2013-04-25	Cattle	Tanzania	NA	Rabies_lyssavirus
rv3090	KY210277	NA	2011-11-25	Cattle	Tanzania	NA	Rabies_lyssavirus
rv3092	KY210278	NA	2011-12-16	Dog	Tanzania	NA	Rabies_lyssavirus
rv3094	KY210279	NA	2011-12-21	Dog	Tanzania	NA	Rabies_lyssavirus
rv3096	KY210280	NA	2012-01-30	Dog	Tanzania	NA	Rabies_lyssavirus
rv3097	KY210281	NA	2012-01-19	Dog	Tanzania	NA	Rabies_lyssavirus
rv3098	KY210282	NA	2012-01-26	Dog	Tanzania	NA	Rabies_lyssavirus
rv3099	KY210283	NA	2012-01-19	Cattle	Tanzania	NA	Rabies_lyssavirus
rv3101	KY210284	NA	2012-03-06	Jackal	Tanzania	NA	Rabies_lyssavirus
rv3102	KY210285	NA	2012-03-08	Goat	Tanzania	NA	Rabies_lyssavirus
rv3103	KY210286	NA	2011-12-10	Dog	Tanzania	NA	Rabies_lyssavirus
rv3105	KY210287	NA	2012-03-22	Dog	Tanzania	NA	Rabies_lyssavirus
rv3109	KY210288	NA	2012-04-12	Dog	Tanzania	NA	Rabies_lyssavirus
rv3110	KY210289	NA	2012-04-30	Dog	Tanzania	NA	Rabies_lyssavirus
rv3113	KY210290	NA	2012-05-06	Dog	Tanzania	NA	Rabies_lyssavirus
rv3114	KY210291	NA	2012-05-06	Jackal	Tanzania	NA	Rabies_lyssavirus
rv3115	KY210292	NA	2012-05-11	Dog	Tanzania	NA	Rabies_lyssavirus
rv3119	KY210293	NA	2012-05-17	Dog	Tanzania	NA	Rabies_lyssavirus
rv3121	KY210294	NA	2012-05-28	Dog	Tanzania	NA	Rabies_lyssavirus
rv3122	KY210295	NA	2012-05-14	Dog	Tanzania	NA	Rabies_lyssavirus
rv3124	KY210296	NA	2012-05-07	Dog	Tanzania	NA	Rabies_lyssavirus
rv3129	KY210297	NA	2012-06-25	Sheep	Tanzania	NA	Rabies_lyssavirus
rv3130	KY210298	NA	2012-06-28	Goat	Tanzania	NA	Rabies_lyssavirus
rv3134	KY210299	NA	2012-07-19	Dog	Tanzania	NA	Rabies_lyssavirus
rv3135	KY210300	NA	2012-07-19	Dog	Tanzania	NA	Rabies_lyssavirus
rv3136	KY210301	NA	2012-07-16	Cattle	Tanzania	NA	Rabies_lyssavirus
rv3137	KY210302	NA	2012-07-21	Goat	Tanzania	NA	Rabies_lyssavirus
rv3138	KY210303	NA	2012-07-16	Dog	Tanzania	NA	Rabies_lyssavirus
rv3139	KY210304	NA	2012-07-07	Dog	Tanzania	NA	Rabies_lyssavirus
rv3145	KY210305	NA	2012-08-08	Hyena	Tanzania	NA	Rabies_lyssavirus
rv3146	KY210306	NA	2012-05-26	Civet	Tanzania	NA	Rabies_lyssavirus
rv3150	KY210307	NA	2012-03-24	Dog	Tanzania	NA	Rabies_lyssavirus
rv3151	KY210308	NA	2012-01-07	Cattle	Tanzania	NA	Rabies_lyssavirus
rv3152	KY210309	NA	2012-05-31	Unknown	Tanzania	NA	Rabies_lyssavirus
rv3153	KY210310	NA	2012-01-23	Goat	Tanzania	NA	Rabies_lyssavirus
rv3154	KY210311	NA	2012-04-29	Dog	Tanzania	NA	Rabies_lyssavirus
sadB19Behr_1_var01	LN713542	NA	XXXX-XX-XX	Unknown	NA	NA	Rabies_lyssavirus
sadB19Behr_2_var01	LN713543	NA	XXXX-XX-XX	Unknown	NA	NA	Rabies_lyssavirus
sadB19Behr_3_var01	LN713544	NA	XXXX-XX-XX	Unknown	NA	NA	Rabies_lyssavirus
sadB19Behr_4_var01	LN713545	NA	XXXX-XX-XX	Unknown	NA	NA	Rabies_lyssavirus
sadB19Behr_5_var01	LN713546	NA	XXXX-XX-XX	Unknown	NA	NA	Rabies_lyssavirus
sadB19p1_1_var01	LN713547	NA	XXXX-XX-XX	Unknown	NA	NA	Rabies_lyssavirus
sadB19p1_2_var01	LN713548	NA	XXXX-XX-XX	Unknown	NA	NA	Rabies_lyssavirus
sadB19p1_3_var01	LN713549	NA	XXXX-XX-XX	Unknown	NA	NA	Rabies_lyssavirus
sadB19p1_4_var01	LN713550	NA	XXXX-XX-XX	Unknown	NA	NA	Rabies_lyssavirus
sadB19p1_5_var01	LN713551	NA	XXXX-XX-XX	Unknown	NA	NA	Rabies_lyssavirus
sadBatch744_1_var03	LN713552	NA	XXXX-XX-XX	Unknown	NA	NA	Rabies_lyssavirus
sadBatch744_1_var06	LN713553	NA	XXXX-XX-XX	Unknown	NA	NA	Rabies_lyssavirus
sadBatch744_1_var09	LN713554	NA	XXXX-XX-XX	Unknown	NA	NA	Rabies_lyssavirus
sadBatch744_1_var12	LN713555	NA	XXXX-XX-XX	Unknown	NA	NA	Rabies_lyssavirus
sadBatch744_2_var01	LN713556	NA	XXXX-XX-XX	Unknown	NA	NA	Rabies_lyssavirus
sadBatch744_2_var02	LN713557	NA	XXXX-XX-XX	Unknown	NA	NA	Rabies_lyssavirus
sadBatch744_2_var03	LN713558	NA	XXXX-XX-XX	Unknown	NA	NA	Rabies_lyssavirus
sadBatch744_3_var01	LN713559	NA	XXXX-XX-XX	Unknown	NA	NA	Rabies_lyssavirus
sadBatch744_3_var02	LN713560	NA	XXXX-XX-XX	Unknown	NA	NA	Rabies_lyssavirus
sadBatch744_4_var01	LN713561	NA	XXXX-XX-XX	Unknown	NA	NA	Rabies_lyssavirus
sadBatch744_4_var02	LN713562	NA	XXXX-XX-XX	Unknown	NA	NA	Rabies_lyssavirus
sadBatch744_4_var03	LN713563	NA	XXXX-XX-XX	Unknown	NA	NA	Rabies_lyssavirus
sadBatch744_4_var04	LN713564	NA	XXXX-XX-XX	Unknown	NA	NA	Rabies_lyssavirus
sadBatch744_4_var05	LN713565	NA	XXXX-XX-XX	Unknown	NA	NA	Rabies_lyssavirus
sadBatch744_4_var06	LN713566	NA	XXXX-XX-XX	Unknown	NA	NA	Rabies_lyssavirus
sadBatch744_5_var01	LN713567	NA	XXXX-XX-XX	Unknown	NA	NA	Rabies_lyssavirus
sadBatch744_5_var02	LN713568	NA	XXXX-XX-XX	Unknown	NA	NA	Rabies_lyssavirus
sadBatch744_5_var03	LN713569	NA	XXXX-XX-XX	Unknown	NA	NA	Rabies_lyssavirus
sadBatch793_1_var01	LN713570	NA	XXXX-XX-XX	Unknown	NA	NA	Rabies_lyssavirus
sadBatch793_1_var02	LN713571	NA	XXXX-XX-XX	Unknown	NA	NA	Rabies_lyssavirus
sadBatch793_2_var01	LN713572	NA	XXXX-XX-XX	Unknown	NA	NA	Rabies_lyssavirus
sadBatch793_2_var02	LN713573	NA	XXXX-XX-XX	Unknown	NA	NA	Rabies_lyssavirus
sadBatch793_2_var03	LN713574	NA	XXXX-XX-XX	Unknown	NA	NA	Rabies_lyssavirus
sadBatch793_2_var04	LN713575	NA	XXXX-XX-XX	Unknown	NA	NA	Rabies_lyssavirus
sadBatch793_3_var01	LN713576	NA	XXXX-XX-XX	Unknown	NA	NA	Rabies_lyssavirus
sadBatch793_3_var02	LN713577	NA	XXXX-XX-XX	Unknown	NA	NA	Rabies_lyssavirus
sadBatch793_3_var03	LN713578	NA	XXXX-XX-XX	Unknown	NA	NA	Rabies_lyssavirus
sadBatch793_3_var04	LN713579	NA	XXXX-XX-XX	Unknown	NA	NA	Rabies_lyssavirus
sadBatch793_4_var01	LN713580	NA	XXXX-XX-XX	Unknown	NA	NA	Rabies_lyssavirus
sadBatch793_4_var02	LN713581	NA	XXXX-XX-XX	Unknown	NA	NA	Rabies_lyssavirus
sadBatch793_4_var03	LN713582	NA	XXXX-XX-XX	Unknown	NA	NA	Rabies_lyssavirus
sadBatch793_4_var04	LN713583	NA	XXXX-XX-XX	Unknown	NA	NA	Rabies_lyssavirus
sadBatch793_5_var01	LN713584	NA	XXXX-XX-XX	Unknown	NA	NA	Rabies_lyssavirus
sadBatch793_5_var02	LN713585	NA	XXXX-XX-XX	Unknown	NA	NA	Rabies_lyssavirus
sadBatch793_5_var03	LN713586	NA	XXXX-XX-XX	Unknown	NA	NA	Rabies_lyssavirus
sadBatch806_1_var01	LN713587	NA	XXXX-XX-XX	Unknown	NA	NA	Rabies_lyssavirus
sadBatch806_1_var02	LN713588	NA	XXXX-XX-XX	Unknown	NA	NA	Rabies_lyssavirus
sadBatch806_1_var05	LN713589	NA	XXXX-XX-XX	Unknown	NA	NA	Rabies_lyssavirus
sadBatch806_1_var06	LN713590	NA	XXXX-XX-XX	Unknown	NA	NA	Rabies_lyssavirus
sadBatch806_2_var01	LN713591	NA	XXXX-XX-XX	Unknown	NA	NA	Rabies_lyssavirus
sadBatch806_2_var02	LN713592	NA	XXXX-XX-XX	Unknown	NA	NA	Rabies_lyssavirus
sadBatch806_2_var03	LN713593	NA	XXXX-XX-XX	Unknown	NA	NA	Rabies_lyssavirus
sadBatch806_2_var04	LN713594	NA	XXXX-XX-XX	Unknown	NA	NA	Rabies_lyssavirus
sadBatch806_2_var05	LN713595	NA	XXXX-XX-XX	Unknown	NA	NA	Rabies_lyssavirus
sadBatch806_2_var06	LN713596	NA	XXXX-XX-XX	Unknown	NA	NA	Rabies_lyssavirus
sadBatch806_3_var01	LN713597	NA	XXXX-XX-XX	Unknown	NA	NA	Rabies_lyssavirus
sadBatch806_3_var02	LN713598	NA	XXXX-XX-XX	Unknown	NA	NA	Rabies_lyssavirus
sadBatch806_3_var03	LN713599	NA	XXXX-XX-XX	Unknown	NA	NA	Rabies_lyssavirus
sadBatch806_4_var01	LN713600	NA	XXXX-XX-XX	Unknown	NA	NA	Rabies_lyssavirus
sadBatch806_4_var02	LN713601	NA	XXXX-XX-XX	Unknown	NA	NA	Rabies_lyssavirus
sadBatch806_5_var01	LN713602	NA	XXXX-XX-XX	Unknown	NA	NA	Rabies_lyssavirus
sadBatch806_5_var02	LN713603	NA	XXXX-XX-XX	Unknown	NA	NA	Rabies_lyssavirus
sadBatch806_5_var03	LN713604	NA	XXXX-XX-XX	Unknown	NA	NA	Rabies_lyssavirus
sadBatch806_5_var04	LN713605	NA	XXXX-XX-XX	Unknown	NA	NA	Rabies_lyssavirus
sadBatch806_5_var05	LN713606	NA	XXXX-XX-XX	Unknown	NA	NA	Rabies_lyssavirus
sadBatch806_5_var06	LN713607	NA	XXXX-XX-XX	Unknown	NA	NA	Rabies_lyssavirus
sadBernO_1_var01	LN713608	NA	XXXX-XX-XX	Unknown	NA	NA	Rabies_lyssavirus
sadBernO_1_var02	LN713609	NA	XXXX-XX-XX	Unknown	NA	NA	Rabies_lyssavirus
sadBernO_1_var03	LN713610	NA	XXXX-XX-XX	Unknown	NA	NA	Rabies_lyssavirus
sadBernO_1_var04	LN713611	NA	XXXX-XX-XX	Unknown	NA	NA	Rabies_lyssavirus
sadBernO_2_var01	LN713612	NA	XXXX-XX-XX	Unknown	NA	NA	Rabies_lyssavirus
sadBernO_2_var02	LN713613	NA	XXXX-XX-XX	Unknown	NA	NA	Rabies_lyssavirus
sadBernO_2_var03	LN713614	NA	XXXX-XX-XX	Unknown	NA	NA	Rabies_lyssavirus
sadBernO_3_var01	LN713615	NA	XXXX-XX-XX	Unknown	NA	NA	Rabies_lyssavirus
sadBernO_3_var02	LN713616	NA	XXXX-XX-XX	Unknown	NA	NA	Rabies_lyssavirus
sadBernO_3_var03	LN713617	NA	XXXX-XX-XX	Unknown	NA	NA	Rabies_lyssavirus
sadBernO_3_var04	LN713618	NA	XXXX-XX-XX	Unknown	NA	NA	Rabies_lyssavirus
sadBernO_3_var05	LN713619	NA	XXXX-XX-XX	Unknown	NA	NA	Rabies_lyssavirus
sadBernO_3_var06	LN713620	NA	XXXX-XX-XX	Unknown	NA	NA	Rabies_lyssavirus
sadBernO_3_var07	LN713621	NA	XXXX-XX-XX	Unknown	NA	NA	Rabies_lyssavirus
sadBernO_3_var08	LN713622	NA	XXXX-XX-XX	Unknown	NA	NA	Rabies_lyssavirus
sadBernO_4_var01	LN713623	NA	XXXX-XX-XX	Unknown	NA	NA	Rabies_lyssavirus
sadBernO_4_var02	LN713624	NA	XXXX-XX-XX	Unknown	NA	NA	Rabies_lyssavirus
sadBernO_4_var03	LN713625	NA	XXXX-XX-XX	Unknown	NA	NA	Rabies_lyssavirus
sadBernO_5_var01	LN713626	NA	XXXX-XX-XX	Unknown	NA	NA	Rabies_lyssavirus
sadBernO_5_var02	LN713627	NA	XXXX-XX-XX	Unknown	NA	NA	Rabies_lyssavirus
sadBernO_5_var03	LN713628	NA	XXXX-XX-XX	Unknown	NA	NA	Rabies_lyssavirus
sadBernO_5_var04	LN713629	NA	XXXX-XX-XX	Unknown	NA	NA	Rabies_lyssavirus
sadERAtueb_1_var01	LN713630	NA	XXXX-XX-XX	Unknown	NA	NA	Rabies_lyssavirus
sadERAtueb_2_var01	LN713631	NA	XXXX-XX-XX	Unknown	NA	NA	Rabies_lyssavirus
sadERAtueb_3_var01	LN713632	NA	XXXX-XX-XX	Unknown	NA	NA	Rabies_lyssavirus
sadERAtueb_4_var01	LN713633	NA	XXXX-XX-XX	Unknown	NA	NA	Rabies_lyssavirus
sadERAtueb_5_var01	LN713634	NA	XXXX-XX-XX	Unknown	NA	NA	Rabies_lyssavirus
sadLysvulpen0609_1_var01	LN713635	NA	XXXX-XX-XX	Unknown	NA	NA	Rabies_lyssavirus
sadLysvulpen0609_1_var02	LN713636	NA	XXXX-XX-XX	Unknown	NA	NA	Rabies_lyssavirus
sadLysvulpen0609_2_var01	LN713637	NA	XXXX-XX-XX	Unknown	NA	NA	Rabies_lyssavirus
sadLysvulpen0609_2_var02	LN713638	NA	XXXX-XX-XX	Unknown	NA	NA	Rabies_lyssavirus
sadLysvulpen0609_3_var01	LN713639	NA	XXXX-XX-XX	Unknown	NA	NA	Rabies_lyssavirus
sadLysvulpen0609_3_var02	LN713640	NA	XXXX-XX-XX	Unknown	NA	NA	Rabies_lyssavirus
sadLysvulpen0609_3_var03	LN713641	NA	XXXX-XX-XX	Unknown	NA	NA	Rabies_lyssavirus
sadLysvulpen0609_3_var04	LN713642	NA	XXXX-XX-XX	Unknown	NA	NA	Rabies_lyssavirus
sadLysvulpen0609_4_var01	LN713643	NA	XXXX-XX-XX	Unknown	NA	NA	Rabies_lyssavirus
sadLysvulpen0609_4_var02	LN713644	NA	XXXX-XX-XX	Unknown	NA	NA	Rabies_lyssavirus
sadLysvulpen0609_5_var01	LN713645	NA	XXXX-XX-XX	Unknown	NA	NA	Rabies_lyssavirus
sadLysvulpen0609_5_var02	LN713646	NA	XXXX-XX-XX	Unknown	NA	NA	Rabies_lyssavirus
sadP588_1_var01	LN713647	NA	XXXX-XX-XX	Unknown	NA	NA	Rabies_lyssavirus
sadP588_2_var01	LN713648	NA	XXXX-XX-XX	Unknown	NA	NA	Rabies_lyssavirus
sadP588_3_var01	LN713649	NA	XXXX-XX-XX	Unknown	NA	NA	Rabies_lyssavirus
sadP588_4_var01	LN713650	NA	XXXX-XX-XX	Unknown	NA	NA	Rabies_lyssavirus
sadP588_5_var01	LN713651	NA	XXXX-XX-XX	Unknown	NA	NA	Rabies_lyssavirus
sadVA1tueb_1_var01	LN713652	NA	XXXX-XX-XX	Unknown	NA	NA	Rabies_lyssavirus
sadVA1tueb_2_var01	LN713653	NA	XXXX-XX-XX	Unknown	NA	NA	Rabies_lyssavirus
sadVA1tueb_3_var01	LN713654	NA	XXXX-XX-XX	Unknown	NA	NA	Rabies_lyssavirus
sadVA1tueb_4_var01	LN713655	NA	XXXX-XX-XX	Unknown	NA	NA	Rabies_lyssavirus
sadVA1tueb_5_var01	LN713656	NA	XXXX-XX-XX	Unknown	NA	NA	Rabies_lyssavirus
sadWistar_1_var01	LN713657	NA	XXXX-XX-XX	Unknown	NA	NA	Rabies_lyssavirus
sadWistar_2_var01	LN713658	NA	XXXX-XX-XX	Unknown	NA	NA	Rabies_lyssavirus
sadWistar_3_var01	LN713659	NA	XXXX-XX-XX	Unknown	NA	NA	Rabies_lyssavirus
sadWistar_4_var01	LN713660	NA	XXXX-XX-XX	Unknown	NA	NA	Rabies_lyssavirus
sadWistar_5_var01	LN713661	NA	XXXX-XX-XX	Unknown	NA	NA	Rabies_lyssavirus
sag2BatchF04_1_var01	LN713662	NA	XXXX-XX-XX	Unknown	NA	NA	Rabies_lyssavirus
sag2BatchF04_1_var02	LN713663	NA	XXXX-XX-XX	Unknown	NA	NA	Rabies_lyssavirus
sag2BatchF04_2_var01	LN713664	NA	XXXX-XX-XX	Unknown	NA	NA	Rabies_lyssavirus
sag2BatchF04_3_var01	LN713665	NA	XXXX-XX-XX	Unknown	NA	NA	Rabies_lyssavirus
sag2BatchF04_3_var02	LN713666	NA	XXXX-XX-XX	Unknown	NA	NA	Rabies_lyssavirus
sag2BatchF04_4_var01	LN713667	NA	XXXX-XX-XX	Unknown	NA	NA	Rabies_lyssavirus
sag2BatchF04_4_var02	LN713668	NA	XXXX-XX-XX	Unknown	NA	NA	Rabies_lyssavirus
sag2BatchF04_5_var01	LN713669	NA	XXXX-XX-XX	Unknown	NA	NA	Rabies_lyssavirus
sag2BatchF04_5_var02	LN713670	NA	XXXX-XX-XX	Unknown	NA	NA	Rabies_lyssavirus
sub5790	KY860598	NA	2014-XX-XX	Fox	Turkey	NA	Rabies_lyssavirus
sub5791	KY860599	NA	2014-XX-XX	Dog	Turkey	NA	Rabies_lyssavirus
sub5792	KY860600	NA	2014-XX-XX	Fox	Turkey	NA	Rabies_lyssavirus
